-- phpMyAdmin SQL Dump
-- version 4.2.7.1
-- http://www.phpmyadmin.net
--
-- Host: localhost
-- Generation Time: May 13, 2015 at 07:21 PM
-- Server version: 5.6.20
-- PHP Version: 5.5.15

SET SQL_MODE = "NO_AUTO_VALUE_ON_ZERO";
SET time_zone = "+00:00";

--
-- Database: `sofasa`
--

-- --------------------------------------------------------

--
-- Table structure for table `cars`
--

CREATE TABLE IF NOT EXISTS `cars` (
`id` int(11) NOT NULL,
  `name` varchar(255) DEFAULT NULL,
  `code` varchar(255) DEFAULT NULL,
  `created_at` datetime DEFAULT NULL,
  `updated_at` datetime DEFAULT NULL,
  `time` int(11) DEFAULT NULL
) ENGINE=InnoDB  DEFAULT CHARSET=latin1 AUTO_INCREMENT=104 ;

--
-- Dumping data for table `cars`
--

INSERT INTO `cars` (`id`, `name`, `code`, `created_at`, `updated_at`, `time`) VALUES
(76, 'B65E01MST', 'B65E01MST', '2015-05-12 17:46:04', '2015-05-12 17:46:04', NULL),
(77, 'B65E01MST1', 'B65E01MST1', '2015-05-12 18:06:08', '2015-05-12 18:06:08', NULL),
(78, 'B65E02PEXP', 'B65E02PEXP', '2015-05-12 18:09:29', '2015-05-12 18:09:29', NULL),
(79, 'B65E02PSP', 'B65E02PSP', '2015-05-13 16:08:56', '2015-05-13 16:08:56', NULL),
(80, 'B65E02PSP1', 'B65E02PSP1', '2015-05-13 16:09:52', '2015-05-13 16:09:52', NULL),
(81, 'B65E02PST1', 'B65E02PST1', '2015-05-13 16:10:44', '2015-05-13 16:10:44', NULL),
(82, 'B65E02PST3', 'B65E02PST3', '2015-05-13 16:11:37', '2015-05-13 16:11:37', NULL),
(83, 'B65E02PSTY', 'B65E02PSTY', '2015-05-13 16:12:49', '2015-05-13 16:12:49', NULL),
(84, 'B90D01M', 'B90D01M', '2015-05-13 16:14:22', '2015-05-13 16:14:22', NULL),
(85, 'B90D22OL', 'B90D22OL', '2015-05-13 16:15:21', '2015-05-13 16:15:21', NULL),
(86, 'B90GTL2', 'B90GTL2', '2015-05-13 16:16:07', '2015-05-13 16:16:07', NULL),
(87, 'B90L2PC', 'B90L2PC', '2015-05-13 16:17:34', '2015-05-13 16:17:34', NULL),
(88, 'B90L2PCM', 'B90L2PCM', '2015-05-13 16:18:39', '2015-05-13 16:18:39', NULL),
(89, 'B90L2PMAPE', 'B90L2PMAPE', '2015-05-13 16:19:39', '2015-05-13 16:19:39', NULL),
(90, 'B90P2SMM', 'B90P2SMM', '2015-05-13 16:21:21', '2015-05-13 16:21:21', NULL),
(91, 'H79A1NAV', 'H79A1NAV', '2015-05-13 16:25:33', '2015-05-13 16:25:33', NULL),
(92, 'H79J2ANAV', 'H79J2ANAV', '2015-05-13 16:26:27', '2015-05-13 16:26:27', NULL),
(93, 'H79J2AS', 'H79J2AS', '2015-05-13 16:27:34', '2015-05-13 16:27:34', NULL),
(94, 'H79J2MNAV', 'H79J2MNAV', '2015-05-13 16:29:43', '2015-05-13 16:29:43', NULL),
(95, 'H79J2MSNAV', 'H79J2MSNAV', '2015-05-13 16:30:47', '2015-05-13 16:30:47', NULL),
(96, 'H79K1ASMOU', 'H79K1ASMOU', '2015-05-13 16:31:33', '2015-05-13 16:31:33', NULL),
(97, 'H79K1MSM', 'H79K1MSM', '2015-05-13 16:34:23', '2015-05-13 16:34:23', NULL),
(98, 'H79K1MSMOU', 'H79K1MSMOU', '2015-05-13 16:35:29', '2015-05-13 16:35:29', NULL),
(99, 'H79K2ASMM', 'H79K2ASMM', '2015-05-13 16:37:09', '2015-05-13 16:37:09', NULL),
(100, 'H79M1MSCNE', 'H79M1MSCNE', '2015-05-13 16:38:09', '2015-05-13 16:38:09', NULL),
(101, 'L90C02M', 'L90C02M', '2015-05-13 16:39:29', '2015-05-13 16:39:29', NULL),
(102, 'L90D22', 'L90D22', '2015-05-13 16:40:25', '2015-05-13 16:40:25', NULL),
(103, 'L90DD1SL45', 'L90DD1SL45', '2015-05-13 16:41:09', '2015-05-13 16:41:09', NULL);

-- --------------------------------------------------------

--
-- Table structure for table `generals`
--

CREATE TABLE IF NOT EXISTS `generals` (
`id` int(11) NOT NULL,
  `key` varchar(255) DEFAULT NULL,
  `value` varchar(255) DEFAULT NULL,
  `created_at` datetime DEFAULT NULL,
  `updated_at` datetime DEFAULT NULL
) ENGINE=InnoDB  DEFAULT CHARSET=latin1 AUTO_INCREMENT=2 ;

--
-- Dumping data for table `generals`
--

INSERT INTO `generals` (`id`, `key`, `value`, `created_at`, `updated_at`) VALUES
(1, 'Tiempo General', '600', '2015-03-17 15:05:17', '2015-04-06 19:16:12');

-- --------------------------------------------------------

--
-- Table structure for table `pictures`
--

CREATE TABLE IF NOT EXISTS `pictures` (
`id` int(11) NOT NULL,
  `position1` int(11) DEFAULT NULL,
  `position2` int(11) DEFAULT NULL,
  `time` int(11) DEFAULT NULL,
  `created_at` datetime DEFAULT NULL,
  `updated_at` datetime DEFAULT NULL,
  `picture1_file_name` varchar(255) DEFAULT NULL,
  `picture1_content_type` varchar(255) DEFAULT NULL,
  `picture1_file_size` int(11) DEFAULT NULL,
  `picture1_updated_at` datetime DEFAULT NULL,
  `picture2_file_name` varchar(255) DEFAULT NULL,
  `picture2_content_type` varchar(255) DEFAULT NULL,
  `picture2_file_size` int(11) DEFAULT NULL,
  `picture2_updated_at` datetime DEFAULT NULL,
  `position` int(11) DEFAULT NULL,
  `car_id` int(11) DEFAULT NULL,
  `priority` int(11) DEFAULT NULL
) ENGINE=InnoDB  DEFAULT CHARSET=latin1 AUTO_INCREMENT=1420 ;

--
-- Dumping data for table `pictures`
--

INSERT INTO `pictures` (`id`, `position1`, `position2`, `time`, `created_at`, `updated_at`, `picture1_file_name`, `picture1_content_type`, `picture1_file_size`, `picture1_updated_at`, `picture2_file_name`, `picture2_content_type`, `picture2_file_size`, `picture2_updated_at`, `position`, `car_id`, `priority`) VALUES
(889, 1, 2, NULL, '2015-05-12 17:46:18', '2015-05-12 17:46:18', 're_B65E01MST_22.JPG', 'image/jpeg', 548285, '2015-05-12 17:46:17', 're_B65E01MST_22.JPG', 'image/jpeg', 548285, '2015-05-12 17:46:18', NULL, 76, 1),
(890, 1, 2, NULL, '2015-05-12 17:46:20', '2015-05-12 17:46:20', 're_B65E01MST_24.JPG', 'image/jpeg', 798605, '2015-05-12 17:46:18', 're_B65E01MST_24.JPG', 'image/jpeg', 798605, '2015-05-12 17:46:19', NULL, 76, 2),
(891, 1, 2, NULL, '2015-05-12 17:46:21', '2015-05-12 17:46:21', 're_B65E01MST_25.JPG', 'image/jpeg', 717589, '2015-05-12 17:46:20', 're_B65E01MST_25.JPG', 'image/jpeg', 717589, '2015-05-12 17:46:21', NULL, 76, 3),
(892, 1, 2, NULL, '2015-05-12 17:46:23', '2015-05-12 17:46:23', 're_B65E01MST_26.JPG', 'image/jpeg', 594210, '2015-05-12 17:46:21', 're_B65E01MST_26.JPG', 'image/jpeg', 594210, '2015-05-12 17:46:22', NULL, 76, 4),
(893, 1, 2, NULL, '2015-05-12 17:46:24', '2015-05-12 17:46:24', 're_B65E01MST_27.JPG', 'image/jpeg', 663852, '2015-05-12 17:46:23', 're_B65E01MST_27.JPG', 'image/jpeg', 663852, '2015-05-12 17:46:24', NULL, 76, 5),
(894, 1, 2, NULL, '2015-05-12 17:46:26', '2015-05-12 17:46:26', 're_B65E01MST_28.JPG', 'image/jpeg', 510633, '2015-05-12 17:46:24', 're_B65E01MST_28.JPG', 'image/jpeg', 510633, '2015-05-12 17:46:25', NULL, 76, 6),
(895, 1, 2, NULL, '2015-05-12 17:46:28', '2015-05-12 17:46:28', 're_B65E01MST_29.JPG', 'image/jpeg', 658285, '2015-05-12 17:46:26', 're_B65E01MST_29.JPG', 'image/jpeg', 658285, '2015-05-12 17:46:27', NULL, 76, 7),
(896, 1, 2, NULL, '2015-05-12 17:46:30', '2015-05-12 17:46:30', 're_B65E01MST_30.JPG', 'image/jpeg', 607544, '2015-05-12 17:46:28', 're_B65E01MST_30.JPG', 'image/jpeg', 607544, '2015-05-12 17:46:29', NULL, 76, 8),
(897, 1, 2, NULL, '2015-05-12 17:46:31', '2015-05-12 17:46:31', 're_B65E01MST_31.JPG', 'image/jpeg', 861091, '2015-05-12 17:46:30', 're_B65E01MST_31.JPG', 'image/jpeg', 861091, '2015-05-12 17:46:30', NULL, 76, 9),
(898, 1, 2, NULL, '2015-05-12 17:46:33', '2015-05-12 17:46:33', 're_B65E01MST_32.JPG', 'image/jpeg', 491317, '2015-05-12 17:46:31', 're_B65E01MST_32.JPG', 'image/jpeg', 491317, '2015-05-12 17:46:32', NULL, 76, 10),
(899, 1, 2, NULL, '2015-05-12 17:46:34', '2015-05-12 17:46:34', 're_B65E01MST_33.JPG', 'image/jpeg', 729589, '2015-05-12 17:46:33', 're_B65E01MST_33.JPG', 'image/jpeg', 729589, '2015-05-12 17:46:34', NULL, 76, 11),
(900, 1, 2, NULL, '2015-05-12 17:46:36', '2015-05-12 17:46:36', 're_B65E01MST_34.JPG', 'image/jpeg', 871644, '2015-05-12 17:46:34', 're_B65E01MST_34.JPG', 'image/jpeg', 871644, '2015-05-12 17:46:35', NULL, 76, 12),
(901, 1, 2, NULL, '2015-05-12 17:46:37', '2015-05-12 17:46:37', 're_B65E01MST_35.JPG', 'image/jpeg', 723115, '2015-05-12 17:46:36', 're_B65E01MST_35.JPG', 'image/jpeg', 723115, '2015-05-12 17:46:37', NULL, 76, 13),
(902, 1, 2, NULL, '2015-05-12 17:46:39', '2015-05-12 17:46:39', 're_B65E01MST_36.JPG', 'image/jpeg', 779281, '2015-05-12 17:46:37', 're_B65E01MST_36.JPG', 'image/jpeg', 779281, '2015-05-12 17:46:38', NULL, 76, 14),
(903, 1, 2, NULL, '2015-05-12 17:46:40', '2015-05-12 17:46:40', 're_B65E01MST_37.JPG', 'image/jpeg', 873815, '2015-05-12 17:46:39', 're_B65E01MST_37.JPG', 'image/jpeg', 873815, '2015-05-12 17:46:40', NULL, 76, 15),
(904, 1, 2, NULL, '2015-05-12 17:46:42', '2015-05-12 17:46:42', 're_B65E01MST_38.JPG', 'image/jpeg', 642722, '2015-05-12 17:46:40', 're_B65E01MST_38.JPG', 'image/jpeg', 642722, '2015-05-12 17:46:41', NULL, 76, 16),
(905, 1, 2, NULL, '2015-05-12 17:46:43', '2015-05-12 17:46:43', 're_B65E01MST_40.JPG', 'image/jpeg', 886674, '2015-05-12 17:46:42', 're_B65E01MST_40.JPG', 'image/jpeg', 886674, '2015-05-12 17:46:43', NULL, 76, 17),
(906, 1, 2, NULL, '2015-05-12 17:46:45', '2015-05-12 17:46:45', 're_B65E01MST_41.JPG', 'image/jpeg', 901706, '2015-05-12 17:46:44', 're_B65E01MST_41.JPG', 'image/jpeg', 901706, '2015-05-12 17:46:44', NULL, 76, 18),
(907, 1, 2, NULL, '2015-05-12 17:46:47', '2015-05-12 17:46:47', 're_B65E01MST_42.JPG', 'image/jpeg', 881243, '2015-05-12 17:46:45', 're_B65E01MST_42.JPG', 'image/jpeg', 881243, '2015-05-12 17:46:46', NULL, 76, 19),
(908, 1, 2, NULL, '2015-05-12 18:06:40', '2015-05-12 18:06:40', 're_B65E01MST1_20.JPG', 'image/jpeg', 570041, '2015-05-12 18:06:35', 're_B65E01MST1_20.JPG', 'image/jpeg', 570041, '2015-05-12 18:06:37', NULL, 77, 1),
(909, 1, 2, NULL, '2015-05-12 18:06:45', '2015-05-12 18:06:45', 're_B65E01MST1_21.JPG', 'image/jpeg', 538586, '2015-05-12 18:06:40', 're_B65E01MST1_21.JPG', 'image/jpeg', 538586, '2015-05-12 18:06:43', NULL, 77, 2),
(910, 1, 2, NULL, '2015-05-12 18:06:51', '2015-05-12 18:06:51', 're_B65E01MST1_22.JPG', 'image/jpeg', 578369, '2015-05-12 18:06:45', 're_B65E01MST1_22.JPG', 'image/jpeg', 578369, '2015-05-12 18:06:48', NULL, 77, 3),
(911, 1, 2, NULL, '2015-05-12 18:06:57', '2015-05-12 18:06:57', 're_B65E01MST1_23.JPG', 'image/jpeg', 885854, '2015-05-12 18:06:51', 're_B65E01MST1_23.JPG', 'image/jpeg', 885854, '2015-05-12 18:06:54', NULL, 77, 4),
(912, 1, 2, NULL, '2015-05-12 18:07:03', '2015-05-12 18:07:03', 're_B65E01MST1_24.JPG', 'image/jpeg', 933634, '2015-05-12 18:06:57', 're_B65E01MST1_24.JPG', 'image/jpeg', 933634, '2015-05-12 18:07:00', NULL, 77, 5),
(913, 1, 2, NULL, '2015-05-12 18:07:08', '2015-05-12 18:07:08', 're_B65E01MST1_25.JPG', 'image/jpeg', 799180, '2015-05-12 18:07:03', 're_B65E01MST1_25.JPG', 'image/jpeg', 799180, '2015-05-12 18:07:06', NULL, 77, 6),
(914, 1, 2, NULL, '2015-05-12 18:07:13', '2015-05-12 18:07:13', 're_B65E01MST1_26.JPG', 'image/jpeg', 568929, '2015-05-12 18:07:08', 're_B65E01MST1_26.JPG', 'image/jpeg', 568929, '2015-05-12 18:07:11', NULL, 77, 7),
(915, 1, 2, NULL, '2015-05-12 18:07:19', '2015-05-12 18:07:19', 're_B65E01MST1_27.JPG', 'image/jpeg', 645081, '2015-05-12 18:07:14', 're_B65E01MST1_27.JPG', 'image/jpeg', 645081, '2015-05-12 18:07:16', NULL, 77, 8),
(916, 1, 2, NULL, '2015-05-12 18:07:25', '2015-05-12 18:07:25', 're_B65E01MST1_28.JPG', 'image/jpeg', 821740, '2015-05-12 18:07:19', 're_B65E01MST1_28.JPG', 'image/jpeg', 821740, '2015-05-12 18:07:22', NULL, 77, 9),
(917, 1, 2, NULL, '2015-05-12 18:07:30', '2015-05-12 18:07:30', 're_B65E01MST1_29.JPG', 'image/jpeg', 651019, '2015-05-12 18:07:25', 're_B65E01MST1_29.JPG', 'image/jpeg', 651019, '2015-05-12 18:07:28', NULL, 77, 10),
(918, 1, 2, NULL, '2015-05-12 18:07:36', '2015-05-12 18:07:36', 're_B65E01MST1_30.JPG', 'image/jpeg', 705293, '2015-05-12 18:07:30', 're_B65E01MST1_30.JPG', 'image/jpeg', 705293, '2015-05-12 18:07:33', NULL, 77, 11),
(919, 1, 2, NULL, '2015-05-12 18:07:41', '2015-05-12 18:07:41', 're_B65E01MST1_31.JPG', 'image/jpeg', 840585, '2015-05-12 18:07:36', 're_B65E01MST1_31.JPG', 'image/jpeg', 840585, '2015-05-12 18:07:39', NULL, 77, 12),
(920, 1, 2, NULL, '2015-05-12 18:07:47', '2015-05-12 18:07:47', 're_B65E01MST1_32.JPG', 'image/jpeg', 735229, '2015-05-12 18:07:41', 're_B65E01MST1_32.JPG', 'image/jpeg', 735229, '2015-05-12 18:07:44', NULL, 77, 13),
(921, 1, 2, NULL, '2015-05-12 18:07:52', '2015-05-12 18:07:52', 're_B65E01MST1_33.JPG', 'image/jpeg', 801523, '2015-05-12 18:07:47', 're_B65E01MST1_33.JPG', 'image/jpeg', 801523, '2015-05-12 18:07:50', NULL, 77, 14),
(922, 1, 2, NULL, '2015-05-12 18:07:58', '2015-05-12 18:07:58', 're_B65E01MST1_34.JPG', 'image/jpeg', 773162, '2015-05-12 18:07:53', 're_B65E01MST1_34.JPG', 'image/jpeg', 773162, '2015-05-12 18:07:55', NULL, 77, 15),
(923, 1, 2, NULL, '2015-05-12 18:08:03', '2015-05-12 18:08:03', 're_B65E01MST1_35.JPG', 'image/jpeg', 932357, '2015-05-12 18:07:58', 're_B65E01MST1_35.JPG', 'image/jpeg', 932357, '2015-05-12 18:08:00', NULL, 77, 16),
(924, 1, 2, NULL, '2015-05-12 18:08:09', '2015-05-12 18:08:09', 're_B65E01MST1_36.JPG', 'image/jpeg', 833982, '2015-05-12 18:08:03', 're_B65E01MST1_36.JPG', 'image/jpeg', 833982, '2015-05-12 18:08:06', NULL, 77, 17),
(925, 1, 2, NULL, '2015-05-12 18:08:14', '2015-05-12 18:08:14', 're_B65E01MST1_37.JPG', 'image/jpeg', 801749, '2015-05-12 18:08:09', 're_B65E01MST1_37.JPG', 'image/jpeg', 801749, '2015-05-12 18:08:12', NULL, 77, 18),
(926, 1, 2, NULL, '2015-05-12 18:08:20', '2015-05-12 18:08:20', 're_B65E01MST1_38.JPG', 'image/jpeg', 801085, '2015-05-12 18:08:15', 're_B65E01MST1_38.JPG', 'image/jpeg', 801085, '2015-05-12 18:08:17', NULL, 77, 19),
(927, 1, 2, NULL, '2015-05-12 18:09:57', '2015-05-12 18:09:57', 're_B65E02PEXP_22.JPG', 'image/jpeg', 491915, '2015-05-12 18:09:52', 're_B65E02PEXP_22.JPG', 'image/jpeg', 491915, '2015-05-12 18:09:54', NULL, 78, 1),
(928, 1, 2, NULL, '2015-05-12 18:10:02', '2015-05-12 18:10:02', 're_B65E02PEXP_23.JPG', 'image/jpeg', 890424, '2015-05-12 18:09:57', 're_B65E02PEXP_23.JPG', 'image/jpeg', 890424, '2015-05-12 18:09:59', NULL, 78, 2),
(929, 1, 2, NULL, '2015-05-12 18:10:08', '2015-05-12 18:10:08', 're_B65E02PEXP_24.JPG', 'image/jpeg', 738066, '2015-05-12 18:10:02', 're_B65E02PEXP_24.JPG', 'image/jpeg', 738066, '2015-05-12 18:10:05', NULL, 78, 3),
(930, 1, 2, NULL, '2015-05-12 18:10:13', '2015-05-12 18:10:13', 're_B65E02PEXP_25.JPG', 'image/jpeg', 622900, '2015-05-12 18:10:08', 're_B65E02PEXP_25.JPG', 'image/jpeg', 622900, '2015-05-12 18:10:11', NULL, 78, 4),
(931, 1, 2, NULL, '2015-05-12 18:10:19', '2015-05-12 18:10:19', 're_B65E02PEXP_26.JPG', 'image/jpeg', 1026116, '2015-05-12 18:10:13', 're_B65E02PEXP_26.JPG', 'image/jpeg', 1026116, '2015-05-12 18:10:16', NULL, 78, 5),
(932, 1, 2, NULL, '2015-05-12 18:10:24', '2015-05-12 18:10:24', 're_B65E02PEXP_27.JPG', 'image/jpeg', 852797, '2015-05-12 18:10:19', 're_B65E02PEXP_27.JPG', 'image/jpeg', 852797, '2015-05-12 18:10:22', NULL, 78, 6),
(933, 1, 2, NULL, '2015-05-12 18:10:30', '2015-05-12 18:10:30', 're_B65E02PEXP_28.JPG', 'image/jpeg', 670959, '2015-05-12 18:10:25', 're_B65E02PEXP_28.JPG', 'image/jpeg', 670959, '2015-05-12 18:10:27', NULL, 78, 7),
(934, 1, 2, NULL, '2015-05-12 18:10:35', '2015-05-12 18:10:35', 're_B65E02PEXP_29.JPG', 'image/jpeg', 592327, '2015-05-12 18:10:30', 're_B65E02PEXP_29.JPG', 'image/jpeg', 592327, '2015-05-12 18:10:32', NULL, 78, 8),
(935, 1, 2, NULL, '2015-05-12 18:10:40', '2015-05-12 18:10:40', 're_B65E02PEXP_30.JPG', 'image/jpeg', 422508, '2015-05-12 18:10:35', 're_B65E02PEXP_30.JPG', 'image/jpeg', 422508, '2015-05-12 18:10:38', NULL, 78, 9),
(936, 1, 2, NULL, '2015-05-12 18:10:46', '2015-05-12 18:10:46', 're_B65E02PEXP_31.JPG', 'image/jpeg', 605547, '2015-05-12 18:10:41', 're_B65E02PEXP_31.JPG', 'image/jpeg', 605547, '2015-05-12 18:10:43', NULL, 78, 10),
(937, 1, 2, NULL, '2015-05-12 18:10:51', '2015-05-12 18:10:51', 're_B65E02PEXP_32.JPG', 'image/jpeg', 892031, '2015-05-12 18:10:46', 're_B65E02PEXP_32.JPG', 'image/jpeg', 892031, '2015-05-12 18:10:49', NULL, 78, 11),
(938, 1, 2, NULL, '2015-05-12 18:10:56', '2015-05-12 18:10:56', 're_B65E02PEXP_33.JPG', 'image/jpeg', 618656, '2015-05-12 18:10:51', 're_B65E02PEXP_33.JPG', 'image/jpeg', 618656, '2015-05-12 18:10:54', NULL, 78, 12),
(939, 1, 2, NULL, '2015-05-12 18:11:01', '2015-05-12 18:11:01', 're_B65E02PEXP_34.JPG', 'image/jpeg', 705075, '2015-05-12 18:10:56', 're_B65E02PEXP_34.JPG', 'image/jpeg', 705075, '2015-05-12 18:10:59', NULL, 78, 13),
(940, 1, 2, NULL, '2015-05-12 18:11:07', '2015-05-12 18:11:07', 're_B65E02PEXP_35.JPG', 'image/jpeg', 464551, '2015-05-12 18:11:02', 're_B65E02PEXP_35.JPG', 'image/jpeg', 464551, '2015-05-12 18:11:05', NULL, 78, 14),
(941, 1, 2, NULL, '2015-05-12 18:11:12', '2015-05-12 18:11:12', 're_B65E02PEXP_36.JPG', 'image/jpeg', 747640, '2015-05-12 18:11:07', 're_B65E02PEXP_36.JPG', 'image/jpeg', 747640, '2015-05-12 18:11:10', NULL, 78, 15),
(942, 1, 2, NULL, '2015-05-12 18:11:18', '2015-05-12 18:11:18', 're_B65E02PEXP_37.JPG', 'image/jpeg', 718353, '2015-05-12 18:11:13', 're_B65E02PEXP_37.JPG', 'image/jpeg', 718353, '2015-05-12 18:11:15', NULL, 78, 16),
(943, 1, 2, NULL, '2015-05-12 18:11:23', '2015-05-12 18:11:23', 're_B65E02PEXP_38.JPG', 'image/jpeg', 748314, '2015-05-12 18:11:18', 're_B65E02PEXP_38.JPG', 'image/jpeg', 748314, '2015-05-12 18:11:21', NULL, 78, 17),
(944, 1, 2, NULL, '2015-05-12 18:11:28', '2015-05-12 18:11:28', 're_B65E02PEXP_39.JPG', 'image/jpeg', 757003, '2015-05-12 18:11:23', 're_B65E02PEXP_39.JPG', 'image/jpeg', 757003, '2015-05-12 18:11:26', NULL, 78, 18),
(945, 1, 2, NULL, '2015-05-12 18:11:34', '2015-05-12 18:11:34', 're_B65E02PEXP_40.JPG', 'image/jpeg', 706800, '2015-05-12 18:11:29', 're_B65E02PEXP_40.JPG', 'image/jpeg', 706800, '2015-05-12 18:11:31', NULL, 78, 19),
(946, 1, 2, NULL, '2015-05-12 18:11:40', '2015-05-12 18:11:40', 're_B65E02PEXP_41.JPG', 'image/jpeg', 782658, '2015-05-12 18:11:34', 're_B65E02PEXP_41.JPG', 'image/jpeg', 782658, '2015-05-12 18:11:37', NULL, 78, 20),
(947, 1, 2, NULL, '2015-05-12 18:11:45', '2015-05-12 18:11:45', 're_B65E02PEXP_42.JPG', 'image/jpeg', 729854, '2015-05-12 18:11:40', 're_B65E02PEXP_42.JPG', 'image/jpeg', 729854, '2015-05-12 18:11:43', NULL, 78, 21),
(948, 1, 2, NULL, '2015-05-13 16:09:16', '2015-05-13 16:09:16', 're_B65E02PSP_23.JPG', 'image/jpeg', 444676, '2015-05-13 16:09:14', 're_B65E02PSP_23.JPG', 'image/jpeg', 444676, '2015-05-13 16:09:15', NULL, 79, 1),
(949, 1, 2, NULL, '2015-05-13 16:09:17', '2015-05-13 16:09:17', 're_B65E02PSP_24.JPG', 'image/jpeg', 734247, '2015-05-13 16:09:16', 're_B65E02PSP_24.JPG', 'image/jpeg', 734247, '2015-05-13 16:09:16', NULL, 79, 2),
(950, 1, 2, NULL, '2015-05-13 16:09:19', '2015-05-13 16:09:19', 're_B65E02PSP_25.JPG', 'image/jpeg', 725942, '2015-05-13 16:09:17', 're_B65E02PSP_25.JPG', 'image/jpeg', 725942, '2015-05-13 16:09:18', NULL, 79, 3),
(951, 1, 2, NULL, '2015-05-13 16:09:20', '2015-05-13 16:09:20', 're_B65E02PSP_26.JPG', 'image/jpeg', 949205, '2015-05-13 16:09:19', 're_B65E02PSP_26.JPG', 'image/jpeg', 949205, '2015-05-13 16:09:19', NULL, 79, 4),
(952, 1, 2, NULL, '2015-05-13 16:09:22', '2015-05-13 16:09:22', 're_B65E02PSP_27.JPG', 'image/jpeg', 806942, '2015-05-13 16:09:20', 're_B65E02PSP_27.JPG', 'image/jpeg', 806942, '2015-05-13 16:09:21', NULL, 79, 5),
(953, 1, 2, NULL, '2015-05-13 16:09:23', '2015-05-13 16:09:23', 're_B65E02PSP_28.JPG', 'image/jpeg', 648066, '2015-05-13 16:09:22', 're_B65E02PSP_28.JPG', 'image/jpeg', 648066, '2015-05-13 16:09:22', NULL, 79, 6),
(954, 1, 2, NULL, '2015-05-13 16:09:25', '2015-05-13 16:09:25', 're_B65E02PSP_29.JPG', 'image/jpeg', 762834, '2015-05-13 16:09:23', 're_B65E02PSP_29.JPG', 'image/jpeg', 762834, '2015-05-13 16:09:24', NULL, 79, 7),
(955, 1, 2, NULL, '2015-05-13 16:09:26', '2015-05-13 16:09:26', 're_B65E02PSP_30.JPG', 'image/jpeg', 472239, '2015-05-13 16:09:25', 're_B65E02PSP_30.JPG', 'image/jpeg', 472239, '2015-05-13 16:09:25', NULL, 79, 8),
(956, 1, 2, NULL, '2015-05-13 16:09:28', '2015-05-13 16:09:28', 're_B65E02PSP_31.JPG', 'image/jpeg', 655393, '2015-05-13 16:09:26', 're_B65E02PSP_31.JPG', 'image/jpeg', 655393, '2015-05-13 16:09:27', NULL, 79, 9),
(957, 1, 2, NULL, '2015-05-13 16:09:29', '2015-05-13 16:09:29', 're_B65E02PSP_32.JPG', 'image/jpeg', 912664, '2015-05-13 16:09:28', 're_B65E02PSP_32.JPG', 'image/jpeg', 912664, '2015-05-13 16:09:28', NULL, 79, 10),
(958, 1, 2, NULL, '2015-05-13 16:09:31', '2015-05-13 16:09:31', 're_B65E02PSP_33.JPG', 'image/jpeg', 736085, '2015-05-13 16:09:29', 're_B65E02PSP_33.JPG', 'image/jpeg', 736085, '2015-05-13 16:09:30', NULL, 79, 11),
(959, 1, 2, NULL, '2015-05-13 16:09:32', '2015-05-13 16:09:32', 're_B65E02PSP_34.JPG', 'image/jpeg', 749312, '2015-05-13 16:09:31', 're_B65E02PSP_34.JPG', 'image/jpeg', 749312, '2015-05-13 16:09:32', NULL, 79, 12),
(960, 1, 2, NULL, '2015-05-13 16:09:34', '2015-05-13 16:09:34', 're_B65E02PSP_35.JPG', 'image/jpeg', 647747, '2015-05-13 16:09:32', 're_B65E02PSP_35.JPG', 'image/jpeg', 647747, '2015-05-13 16:09:33', NULL, 79, 13),
(961, 1, 2, NULL, '2015-05-13 16:09:35', '2015-05-13 16:09:35', 're_B65E02PSP_36.JPG', 'image/jpeg', 558533, '2015-05-13 16:09:34', 're_B65E02PSP_36.JPG', 'image/jpeg', 558533, '2015-05-13 16:09:34', NULL, 79, 14),
(962, 1, 2, NULL, '2015-05-13 16:09:36', '2015-05-13 16:09:36', 're_B65E02PSP_37.JPG', 'image/jpeg', 530027, '2015-05-13 16:09:35', 're_B65E02PSP_37.JPG', 'image/jpeg', 530027, '2015-05-13 16:09:36', NULL, 79, 15),
(963, 1, 2, NULL, '2015-05-13 16:09:38', '2015-05-13 16:09:38', 're_B65E02PSP_38.JPG', 'image/jpeg', 380693, '2015-05-13 16:09:37', 're_B65E02PSP_38.JPG', 'image/jpeg', 380693, '2015-05-13 16:09:37', NULL, 79, 16),
(964, 1, 2, NULL, '2015-05-13 16:09:39', '2015-05-13 16:09:39', 're_B65E02PSP_39.JPG', 'image/jpeg', 646170, '2015-05-13 16:09:38', 're_B65E02PSP_39.JPG', 'image/jpeg', 646170, '2015-05-13 16:09:39', NULL, 79, 17),
(965, 1, 2, NULL, '2015-05-13 16:09:41', '2015-05-13 16:09:41', 're_B65E02PSP_40.JPG', 'image/jpeg', 751709, '2015-05-13 16:09:39', 're_B65E02PSP_40.JPG', 'image/jpeg', 751709, '2015-05-13 16:09:40', NULL, 79, 18),
(966, 1, 2, NULL, '2015-05-13 16:09:42', '2015-05-13 16:09:42', 're_B65E02PSP_43.JPG', 'image/jpeg', 714229, '2015-05-13 16:09:41', 're_B65E02PSP_43.JPG', 'image/jpeg', 714229, '2015-05-13 16:09:42', NULL, 79, 19),
(967, 1, 2, NULL, '2015-05-13 16:09:44', '2015-05-13 16:09:44', 're_B65E02PSP_44.JPG', 'image/jpeg', 674908, '2015-05-13 16:09:42', 're_B65E02PSP_44.JPG', 'image/jpeg', 674908, '2015-05-13 16:09:43', NULL, 79, 20),
(968, 1, 2, NULL, '2015-05-13 16:10:06', '2015-05-13 16:10:06', 're_B65E02PSP1_21.JPG', 'image/jpeg', 713933, '2015-05-13 16:10:04', 're_B65E02PSP1_21.JPG', 'image/jpeg', 713933, '2015-05-13 16:10:05', NULL, 80, 1),
(969, 1, 2, NULL, '2015-05-13 16:10:07', '2015-05-13 16:10:07', 're_B65E02PSP1_23.JPG', 'image/jpeg', 427385, '2015-05-13 16:10:06', 're_B65E02PSP1_23.JPG', 'image/jpeg', 427385, '2015-05-13 16:10:06', NULL, 80, 2),
(970, 1, 2, NULL, '2015-05-13 16:10:08', '2015-05-13 16:10:08', 're_B65E02PSP1_24.JPG', 'image/jpeg', 482818, '2015-05-13 16:10:07', 're_B65E02PSP1_24.JPG', 'image/jpeg', 482818, '2015-05-13 16:10:08', NULL, 80, 3),
(971, 1, 2, NULL, '2015-05-13 16:10:10', '2015-05-13 16:10:10', 're_B65E02PSP1_25.JPG', 'image/jpeg', 930773, '2015-05-13 16:10:09', 're_B65E02PSP1_25.JPG', 'image/jpeg', 930773, '2015-05-13 16:10:09', NULL, 80, 4),
(972, 1, 2, NULL, '2015-05-13 16:10:12', '2015-05-13 16:10:12', 're_B65E02PSP1_26.JPG', 'image/jpeg', 826368, '2015-05-13 16:10:10', 're_B65E02PSP1_26.JPG', 'image/jpeg', 826368, '2015-05-13 16:10:11', NULL, 80, 5),
(973, 1, 2, NULL, '2015-05-13 16:10:13', '2015-05-13 16:10:13', 're_B65E02PSP1_27.JPG', 'image/jpeg', 728959, '2015-05-13 16:10:12', 're_B65E02PSP1_27.JPG', 'image/jpeg', 728959, '2015-05-13 16:10:12', NULL, 80, 6),
(974, 1, 2, NULL, '2015-05-13 16:10:15', '2015-05-13 16:10:15', 're_B65E02PSP1_28.JPG', 'image/jpeg', 515606, '2015-05-13 16:10:13', 're_B65E02PSP1_28.JPG', 'image/jpeg', 515606, '2015-05-13 16:10:14', NULL, 80, 7),
(975, 1, 2, NULL, '2015-05-13 16:10:16', '2015-05-13 16:10:16', 're_B65E02PSP1_29.JPG', 'image/jpeg', 710367, '2015-05-13 16:10:15', 're_B65E02PSP1_29.JPG', 'image/jpeg', 710367, '2015-05-13 16:10:15', NULL, 80, 8),
(976, 1, 2, NULL, '2015-05-13 16:10:18', '2015-05-13 16:10:18', 're_B65E02PSP1_30.JPG', 'image/jpeg', 566696, '2015-05-13 16:10:16', 're_B65E02PSP1_30.JPG', 'image/jpeg', 566696, '2015-05-13 16:10:17', NULL, 80, 9),
(977, 1, 2, NULL, '2015-05-13 16:10:19', '2015-05-13 16:10:19', 're_B65E02PSP1_31.JPG', 'image/jpeg', 573226, '2015-05-13 16:10:18', 're_B65E02PSP1_31.JPG', 'image/jpeg', 573226, '2015-05-13 16:10:18', NULL, 80, 10),
(978, 1, 2, NULL, '2015-05-13 16:10:21', '2015-05-13 16:10:21', 're_B65E02PSP1_32.JPG', 'image/jpeg', 683390, '2015-05-13 16:10:19', 're_B65E02PSP1_32.JPG', 'image/jpeg', 683390, '2015-05-13 16:10:20', NULL, 80, 11),
(979, 1, 2, NULL, '2015-05-13 16:10:22', '2015-05-13 16:10:22', 're_B65E02PSP1_33.JPG', 'image/jpeg', 814935, '2015-05-13 16:10:21', 're_B65E02PSP1_33.JPG', 'image/jpeg', 814935, '2015-05-13 16:10:21', NULL, 80, 12),
(980, 1, 2, NULL, '2015-05-13 16:10:24', '2015-05-13 16:10:24', 're_B65E02PSP1_34.JPG', 'image/jpeg', 693154, '2015-05-13 16:10:22', 're_B65E02PSP1_34.JPG', 'image/jpeg', 693154, '2015-05-13 16:10:23', NULL, 80, 13),
(981, 1, 2, NULL, '2015-05-13 16:10:25', '2015-05-13 16:10:25', 're_B65E02PSP1_35.JPG', 'image/jpeg', 664571, '2015-05-13 16:10:24', 're_B65E02PSP1_35.JPG', 'image/jpeg', 664571, '2015-05-13 16:10:24', NULL, 80, 14),
(982, 1, 2, NULL, '2015-05-13 16:10:27', '2015-05-13 16:10:27', 're_B65E02PSP1_36.JPG', 'image/jpeg', 746057, '2015-05-13 16:10:25', 're_B65E02PSP1_36.JPG', 'image/jpeg', 746057, '2015-05-13 16:10:26', NULL, 80, 15),
(983, 1, 2, NULL, '2015-05-13 16:10:28', '2015-05-13 16:10:28', 're_B65E02PSP1_37.JPG', 'image/jpeg', 832566, '2015-05-13 16:10:27', 're_B65E02PSP1_37.JPG', 'image/jpeg', 832566, '2015-05-13 16:10:28', NULL, 80, 16),
(984, 1, 2, NULL, '2015-05-13 16:10:30', '2015-05-13 16:10:30', 're_B65E02PSP1_38.JPG', 'image/jpeg', 791103, '2015-05-13 16:10:28', 're_B65E02PSP1_38.JPG', 'image/jpeg', 791103, '2015-05-13 16:10:29', NULL, 80, 17),
(985, 1, 2, NULL, '2015-05-13 16:10:31', '2015-05-13 16:10:31', 're_B65E02PSP1_39.JPG', 'image/jpeg', 879040, '2015-05-13 16:10:30', 're_B65E02PSP1_39.JPG', 'image/jpeg', 879040, '2015-05-13 16:10:31', NULL, 80, 18),
(986, 1, 2, NULL, '2015-05-13 16:10:33', '2015-05-13 16:10:33', 're_B65E02PSP1_43.JPG', 'image/jpeg', 881621, '2015-05-13 16:10:31', 're_B65E02PSP1_43.JPG', 'image/jpeg', 881621, '2015-05-13 16:10:32', NULL, 80, 19),
(987, 1, 2, NULL, '2015-05-13 16:10:57', '2015-05-13 16:10:57', 're_B65E02PST1_21.JPG', 'image/jpeg', 560425, '2015-05-13 16:10:55', 're_B65E02PST1_21.JPG', 'image/jpeg', 560425, '2015-05-13 16:10:56', NULL, 81, 1),
(988, 1, 2, NULL, '2015-05-13 16:10:58', '2015-05-13 16:10:58', 're_B65E02PST1_22.JPG', 'image/jpeg', 825450, '2015-05-13 16:10:57', 're_B65E02PST1_22.JPG', 'image/jpeg', 825450, '2015-05-13 16:10:57', NULL, 81, 2),
(989, 1, 2, NULL, '2015-05-13 16:11:00', '2015-05-13 16:11:00', 're_B65E02PST1_23.JPG', 'image/jpeg', 712407, '2015-05-13 16:10:58', 're_B65E02PST1_23.JPG', 'image/jpeg', 712407, '2015-05-13 16:10:59', NULL, 81, 3),
(990, 1, 2, NULL, '2015-05-13 16:11:01', '2015-05-13 16:11:01', 're_B65E02PST1_24.JPG', 'image/jpeg', 676075, '2015-05-13 16:11:00', 're_B65E02PST1_24.JPG', 'image/jpeg', 676075, '2015-05-13 16:11:00', NULL, 81, 4),
(991, 1, 2, NULL, '2015-05-13 16:11:02', '2015-05-13 16:11:02', 're_B65E02PST1_25.JPG', 'image/jpeg', 437541, '2015-05-13 16:11:01', 're_B65E02PST1_25.JPG', 'image/jpeg', 437541, '2015-05-13 16:11:02', NULL, 81, 5),
(992, 1, 2, NULL, '2015-05-13 16:11:04', '2015-05-13 16:11:04', 're_B65E02PST1_26.JPG', 'image/jpeg', 587241, '2015-05-13 16:11:02', 're_B65E02PST1_26.JPG', 'image/jpeg', 587241, '2015-05-13 16:11:03', NULL, 81, 6),
(993, 1, 2, NULL, '2015-05-13 16:11:05', '2015-05-13 16:11:05', 're_B65E02PST1_27.JPG', 'image/jpeg', 605163, '2015-05-13 16:11:04', 're_B65E02PST1_27.JPG', 'image/jpeg', 605163, '2015-05-13 16:11:05', NULL, 81, 7),
(994, 1, 2, NULL, '2015-05-13 16:11:07', '2015-05-13 16:11:07', 're_B65E02PST1_28.JPG', 'image/jpeg', 621416, '2015-05-13 16:11:05', 're_B65E02PST1_28.JPG', 'image/jpeg', 621416, '2015-05-13 16:11:06', NULL, 81, 8),
(995, 1, 2, NULL, '2015-05-13 16:11:08', '2015-05-13 16:11:08', 're_B65E02PST1_29.JPG', 'image/jpeg', 811533, '2015-05-13 16:11:07', 're_B65E02PST1_29.JPG', 'image/jpeg', 811533, '2015-05-13 16:11:07', NULL, 81, 9),
(996, 1, 2, NULL, '2015-05-13 16:11:10', '2015-05-13 16:11:10', 're_B65E02PST1_30.JPG', 'image/jpeg', 550343, '2015-05-13 16:11:08', 're_B65E02PST1_30.JPG', 'image/jpeg', 550343, '2015-05-13 16:11:09', NULL, 81, 10),
(997, 1, 2, NULL, '2015-05-13 16:11:11', '2015-05-13 16:11:11', 're_B65E02PST1_31.JPG', 'image/jpeg', 526273, '2015-05-13 16:11:10', 're_B65E02PST1_31.JPG', 'image/jpeg', 526273, '2015-05-13 16:11:10', NULL, 81, 11),
(998, 1, 2, NULL, '2015-05-13 16:11:13', '2015-05-13 16:11:13', 're_B65E02PST1_33.JPG', 'image/jpeg', 769552, '2015-05-13 16:11:11', 're_B65E02PST1_33.JPG', 'image/jpeg', 769552, '2015-05-13 16:11:12', NULL, 81, 12),
(999, 1, 2, NULL, '2015-05-13 16:11:14', '2015-05-13 16:11:14', 're_B65E02PST1_34.JPG', 'image/jpeg', 787516, '2015-05-13 16:11:13', 're_B65E02PST1_34.JPG', 'image/jpeg', 787516, '2015-05-13 16:11:13', NULL, 81, 13),
(1000, 1, 2, NULL, '2015-05-13 16:11:15', '2015-05-13 16:11:15', 're_B65E02PST1_35.JPG', 'image/jpeg', 648870, '2015-05-13 16:11:14', 're_B65E02PST1_35.JPG', 'image/jpeg', 648870, '2015-05-13 16:11:15', NULL, 81, 14),
(1001, 1, 2, NULL, '2015-05-13 16:11:17', '2015-05-13 16:11:17', 're_B65E02PST1_36.JPG', 'image/jpeg', 868783, '2015-05-13 16:11:15', 're_B65E02PST1_36.JPG', 'image/jpeg', 868783, '2015-05-13 16:11:16', NULL, 81, 15),
(1002, 1, 2, NULL, '2015-05-13 16:11:18', '2015-05-13 16:11:18', 're_B65E02PST1_37.JPG', 'image/jpeg', 789877, '2015-05-13 16:11:17', 're_B65E02PST1_37.JPG', 'image/jpeg', 789877, '2015-05-13 16:11:18', NULL, 81, 16),
(1003, 1, 2, NULL, '2015-05-13 16:11:20', '2015-05-13 16:11:20', 're_B65E02PST1_38.JPG', 'image/jpeg', 883453, '2015-05-13 16:11:19', 're_B65E02PST1_38.JPG', 'image/jpeg', 883453, '2015-05-13 16:11:19', NULL, 81, 17),
(1004, 1, 2, NULL, '2015-05-13 16:11:21', '2015-05-13 16:11:21', 're_B65E02PST1_39.JPG', 'image/jpeg', 638200, '2015-05-13 16:11:20', 're_B65E02PST1_39.JPG', 'image/jpeg', 638200, '2015-05-13 16:11:21', NULL, 81, 18),
(1005, 1, 2, NULL, '2015-05-13 16:11:23', '2015-05-13 16:11:23', 're_B65E02PST1_40.JPG', 'image/jpeg', 409861, '2015-05-13 16:11:21', 're_B65E02PST1_40.JPG', 'image/jpeg', 409861, '2015-05-13 16:11:22', NULL, 81, 19),
(1006, 1, 2, NULL, '2015-05-13 16:13:38', '2015-05-13 16:13:38', 're_B65E02PSTY_44.JPG', 'image/jpeg', 628865, '2015-05-13 16:13:36', 're_B65E02PSTY_44.JPG', 'image/jpeg', 628865, '2015-05-13 16:13:37', NULL, 83, 1),
(1007, 1, 2, NULL, '2015-05-13 16:13:39', '2015-05-13 16:13:39', 're_B65E02PSTY_45.JPG', 'image/jpeg', 907242, '2015-05-13 16:13:38', 're_B65E02PSTY_45.JPG', 'image/jpeg', 907242, '2015-05-13 16:13:38', NULL, 83, 2),
(1008, 1, 2, NULL, '2015-05-13 16:13:41', '2015-05-13 16:13:41', 're_B65E02PSTY_48.JPG', 'image/jpeg', 928965, '2015-05-13 16:13:39', 're_B65E02PSTY_48.JPG', 'image/jpeg', 928965, '2015-05-13 16:13:40', NULL, 83, 3),
(1009, 1, 2, NULL, '2015-05-13 16:13:43', '2015-05-13 16:13:43', 're_B65E02PSTY_56.JPG', 'image/jpeg', 603750, '2015-05-13 16:13:41', 're_B65E02PSTY_56.JPG', 'image/jpeg', 603750, '2015-05-13 16:13:42', NULL, 83, 4),
(1010, 1, 2, NULL, '2015-05-13 16:13:45', '2015-05-13 16:13:45', 're_B65E02PSTY_57.JPG', 'image/jpeg', 639295, '2015-05-13 16:13:43', 're_B65E02PSTY_57.JPG', 'image/jpeg', 639295, '2015-05-13 16:13:44', NULL, 83, 5),
(1011, 1, 2, NULL, '2015-05-13 16:13:46', '2015-05-13 16:13:46', 're_B65E02PSTY_58.JPG', 'image/jpeg', 610502, '2015-05-13 16:13:45', 're_B65E02PSTY_58.JPG', 'image/jpeg', 610502, '2015-05-13 16:13:46', NULL, 83, 6),
(1012, 1, 2, NULL, '2015-05-13 16:13:48', '2015-05-13 16:13:48', 're_B65E02PSTY_61.JPG', 'image/jpeg', 555280, '2015-05-13 16:13:46', 're_B65E02PSTY_61.JPG', 'image/jpeg', 555280, '2015-05-13 16:13:47', NULL, 83, 7),
(1013, 1, 2, NULL, '2015-05-13 16:13:50', '2015-05-13 16:13:50', 're_B65E02PSTY_66.JPG', 'image/jpeg', 609363, '2015-05-13 16:13:48', 're_B65E02PSTY_66.JPG', 'image/jpeg', 609363, '2015-05-13 16:13:49', NULL, 83, 8),
(1014, 1, 2, NULL, '2015-05-13 16:13:52', '2015-05-13 16:13:52', 're_B65E02PSTY_68.JPG', 'image/jpeg', 619003, '2015-05-13 16:13:50', 're_B65E02PSTY_68.JPG', 'image/jpeg', 619003, '2015-05-13 16:13:51', NULL, 83, 9),
(1015, 1, 2, NULL, '2015-05-13 16:13:54', '2015-05-13 16:13:54', 're_B65E02PSTY_69.JPG', 'image/jpeg', 733668, '2015-05-13 16:13:52', 're_B65E02PSTY_69.JPG', 'image/jpeg', 733668, '2015-05-13 16:13:53', NULL, 83, 10),
(1016, 1, 2, NULL, '2015-05-13 16:13:56', '2015-05-13 16:13:56', 're_B65E02PSTY_72.JPG', 'image/jpeg', 665051, '2015-05-13 16:13:54', 're_B65E02PSTY_72.JPG', 'image/jpeg', 665051, '2015-05-13 16:13:55', NULL, 83, 11),
(1017, 1, 2, NULL, '2015-05-13 16:13:58', '2015-05-13 16:13:58', 're_B65E02PSTY_75.JPG', 'image/jpeg', 712086, '2015-05-13 16:13:56', 're_B65E02PSTY_75.JPG', 'image/jpeg', 712086, '2015-05-13 16:13:57', NULL, 83, 12),
(1018, 1, 2, NULL, '2015-05-13 16:14:00', '2015-05-13 16:14:00', 're_B65E02PSTY_77.JPG', 'image/jpeg', 716206, '2015-05-13 16:13:58', 're_B65E02PSTY_77.JPG', 'image/jpeg', 716206, '2015-05-13 16:13:59', NULL, 83, 13),
(1019, 1, 2, NULL, '2015-05-13 16:14:01', '2015-05-13 16:14:01', 're_B65E02PSTY_78.JPG', 'image/jpeg', 618392, '2015-05-13 16:14:00', 're_B65E02PSTY_78.JPG', 'image/jpeg', 618392, '2015-05-13 16:14:00', NULL, 83, 14),
(1020, 1, 2, NULL, '2015-05-13 16:14:03', '2015-05-13 16:14:03', 're_B65E02PSTY_79.JPG', 'image/jpeg', 824375, '2015-05-13 16:14:01', 're_B65E02PSTY_79.JPG', 'image/jpeg', 824375, '2015-05-13 16:14:02', NULL, 83, 15),
(1021, 1, 2, NULL, '2015-05-13 16:14:04', '2015-05-13 16:14:04', 're_B65E02PSTY_81.JPG', 'image/jpeg', 1023509, '2015-05-13 16:14:03', 're_B65E02PSTY_81.JPG', 'image/jpeg', 1023509, '2015-05-13 16:14:03', NULL, 83, 16),
(1022, 1, 2, NULL, '2015-05-13 16:14:05', '2015-05-13 16:14:05', 're_B65E02PSTY_83.JPG', 'image/jpeg', 696513, '2015-05-13 16:14:04', 're_B65E02PSTY_83.JPG', 'image/jpeg', 696513, '2015-05-13 16:14:05', NULL, 83, 17),
(1023, 1, 2, NULL, '2015-05-13 16:14:07', '2015-05-13 16:14:07', 're_B65E02PSTY_86.JPG', 'image/jpeg', 747682, '2015-05-13 16:14:06', 're_B65E02PSTY_86.JPG', 'image/jpeg', 747682, '2015-05-13 16:14:06', NULL, 83, 18),
(1024, 1, 2, NULL, '2015-05-13 16:14:34', '2015-05-13 16:14:34', 're_B90D01M_24.JPG', 'image/jpeg', 663831, '2015-05-13 16:14:32', 're_B90D01M_24.JPG', 'image/jpeg', 663831, '2015-05-13 16:14:33', NULL, 84, 1),
(1025, 1, 2, NULL, '2015-05-13 16:14:38', '2015-05-13 16:14:38', 're_B90D01M_25.JPG', 'image/jpeg', 901511, '2015-05-13 16:14:34', 're_B90D01M_25.JPG', 'image/jpeg', 901511, '2015-05-13 16:14:36', NULL, 84, 2),
(1026, 1, 2, NULL, '2015-05-13 16:14:40', '2015-05-13 16:14:40', 're_B90D01M_26.JPG', 'image/jpeg', 936682, '2015-05-13 16:14:38', 're_B90D01M_26.JPG', 'image/jpeg', 936682, '2015-05-13 16:14:39', NULL, 84, 3),
(1027, 1, 2, NULL, '2015-05-13 16:14:41', '2015-05-13 16:14:41', 're_B90D01M_27.JPG', 'image/jpeg', 806203, '2015-05-13 16:14:40', 're_B90D01M_27.JPG', 'image/jpeg', 806203, '2015-05-13 16:14:41', NULL, 84, 4),
(1028, 1, 2, NULL, '2015-05-13 16:14:43', '2015-05-13 16:14:43', 're_B90D01M_29.JPG', 'image/jpeg', 746635, '2015-05-13 16:14:41', 're_B90D01M_29.JPG', 'image/jpeg', 746635, '2015-05-13 16:14:42', NULL, 84, 5),
(1029, 1, 2, NULL, '2015-05-13 16:14:44', '2015-05-13 16:14:44', 're_B90D01M_30.JPG', 'image/jpeg', 531342, '2015-05-13 16:14:43', 're_B90D01M_30.JPG', 'image/jpeg', 531342, '2015-05-13 16:14:44', NULL, 84, 6),
(1030, 1, 2, NULL, '2015-05-13 16:14:46', '2015-05-13 16:14:46', 're_B90D01M_31.JPG', 'image/jpeg', 640436, '2015-05-13 16:14:44', 're_B90D01M_31.JPG', 'image/jpeg', 640436, '2015-05-13 16:14:45', NULL, 84, 7),
(1031, 1, 2, NULL, '2015-05-13 16:14:47', '2015-05-13 16:14:47', 're_B90D01M_32.JPG', 'image/jpeg', 654040, '2015-05-13 16:14:46', 're_B90D01M_32.JPG', 'image/jpeg', 654040, '2015-05-13 16:14:47', NULL, 84, 8),
(1032, 1, 2, NULL, '2015-05-13 16:14:49', '2015-05-13 16:14:49', 're_B90D01M_33.JPG', 'image/jpeg', 710682, '2015-05-13 16:14:47', 're_B90D01M_33.JPG', 'image/jpeg', 710682, '2015-05-13 16:14:48', NULL, 84, 9),
(1033, 1, 2, NULL, '2015-05-13 16:14:50', '2015-05-13 16:14:50', 're_B90D01M_34.JPG', 'image/jpeg', 875739, '2015-05-13 16:14:49', 're_B90D01M_34.JPG', 'image/jpeg', 875739, '2015-05-13 16:14:50', NULL, 84, 10),
(1034, 1, 2, NULL, '2015-05-13 16:14:52', '2015-05-13 16:14:52', 're_B90D01M_35.JPG', 'image/jpeg', 748737, '2015-05-13 16:14:50', 're_B90D01M_35.JPG', 'image/jpeg', 748737, '2015-05-13 16:14:51', NULL, 84, 11),
(1035, 1, 2, NULL, '2015-05-13 16:14:53', '2015-05-13 16:14:53', 're_B90D01M_36.JPG', 'image/jpeg', 834857, '2015-05-13 16:14:52', 're_B90D01M_36.JPG', 'image/jpeg', 834857, '2015-05-13 16:14:52', NULL, 84, 12),
(1036, 1, 2, NULL, '2015-05-13 16:14:55', '2015-05-13 16:14:55', 're_B90D01M_38.JPG', 'image/jpeg', 693302, '2015-05-13 16:14:53', 're_B90D01M_38.JPG', 'image/jpeg', 693302, '2015-05-13 16:14:54', NULL, 84, 13),
(1037, 1, 2, NULL, '2015-05-13 16:14:56', '2015-05-13 16:14:56', 're_B90D01M_40.JPG', 'image/jpeg', 878322, '2015-05-13 16:14:55', 're_B90D01M_40.JPG', 'image/jpeg', 878322, '2015-05-13 16:14:55', NULL, 84, 14),
(1038, 1, 2, NULL, '2015-05-13 16:14:58', '2015-05-13 16:14:58', 're_B90D01M_41.JPG', 'image/jpeg', 978432, '2015-05-13 16:14:56', 're_B90D01M_41.JPG', 'image/jpeg', 978432, '2015-05-13 16:14:57', NULL, 84, 15),
(1039, 1, 2, NULL, '2015-05-13 16:14:59', '2015-05-13 16:14:59', 're_B90D01M_42.JPG', 'image/jpeg', 755060, '2015-05-13 16:14:58', 're_B90D01M_42.JPG', 'image/jpeg', 755060, '2015-05-13 16:14:58', NULL, 84, 16),
(1040, 1, 2, NULL, '2015-05-13 16:15:01', '2015-05-13 16:15:01', 're_B90D01M_43.JPG', 'image/jpeg', 700260, '2015-05-13 16:14:59', 're_B90D01M_43.JPG', 'image/jpeg', 700260, '2015-05-13 16:15:00', NULL, 84, 17),
(1041, 1, 2, NULL, '2015-05-13 16:15:02', '2015-05-13 16:15:02', 're_B90D01M_44.JPG', 'image/jpeg', 627228, '2015-05-13 16:15:01', 're_B90D01M_44.JPG', 'image/jpeg', 627228, '2015-05-13 16:15:01', NULL, 84, 18),
(1042, 1, 2, NULL, '2015-05-13 16:15:31', '2015-05-13 16:15:31', 're_B90D22OL_20.JPG', 'image/jpeg', 592763, '2015-05-13 16:15:30', 're_B90D22OL_20.JPG', 'image/jpeg', 592763, '2015-05-13 16:15:30', NULL, 85, 1),
(1043, 1, 2, NULL, '2015-05-13 16:15:32', '2015-05-13 16:15:32', 're_B90D22OL_21.JPG', 'image/jpeg', 647205, '2015-05-13 16:15:31', 're_B90D22OL_21.JPG', 'image/jpeg', 647205, '2015-05-13 16:15:32', NULL, 85, 2),
(1044, 1, 2, NULL, '2015-05-13 16:15:34', '2015-05-13 16:15:34', 're_B90D22OL_22.JPG', 'image/jpeg', 559499, '2015-05-13 16:15:32', 're_B90D22OL_22.JPG', 'image/jpeg', 559499, '2015-05-13 16:15:33', NULL, 85, 3),
(1045, 1, 2, NULL, '2015-05-13 16:15:35', '2015-05-13 16:15:35', 're_B90D22OL_23.JPG', 'image/jpeg', 541084, '2015-05-13 16:15:34', 're_B90D22OL_23.JPG', 'image/jpeg', 541084, '2015-05-13 16:15:35', NULL, 85, 4),
(1046, 1, 2, NULL, '2015-05-13 16:15:37', '2015-05-13 16:15:37', 're_B90D22OL_24.JPG', 'image/jpeg', 709316, '2015-05-13 16:15:35', 're_B90D22OL_24.JPG', 'image/jpeg', 709316, '2015-05-13 16:15:36', NULL, 85, 5),
(1047, 1, 2, NULL, '2015-05-13 16:15:38', '2015-05-13 16:15:38', 're_B90D22OL_25.JPG', 'image/jpeg', 704568, '2015-05-13 16:15:37', 're_B90D22OL_25.JPG', 'image/jpeg', 704568, '2015-05-13 16:15:37', NULL, 85, 6),
(1048, 1, 2, NULL, '2015-05-13 16:15:40', '2015-05-13 16:15:40', 're_B90D22OL_26.JPG', 'image/jpeg', 719580, '2015-05-13 16:15:38', 're_B90D22OL_26.JPG', 'image/jpeg', 719580, '2015-05-13 16:15:39', NULL, 85, 7),
(1049, 1, 2, NULL, '2015-05-13 16:15:41', '2015-05-13 16:15:41', 're_B90D22OL_27.JPG', 'image/jpeg', 441353, '2015-05-13 16:15:40', 're_B90D22OL_27.JPG', 'image/jpeg', 441353, '2015-05-13 16:15:40', NULL, 85, 8),
(1050, 1, 2, NULL, '2015-05-13 16:15:43', '2015-05-13 16:15:43', 're_B90D22OL_28.JPG', 'image/jpeg', 536170, '2015-05-13 16:15:41', 're_B90D22OL_28.JPG', 'image/jpeg', 536170, '2015-05-13 16:15:42', NULL, 85, 9),
(1051, 1, 2, NULL, '2015-05-13 16:15:44', '2015-05-13 16:15:44', 're_B90D22OL_29.JPG', 'image/jpeg', 864428, '2015-05-13 16:15:43', 're_B90D22OL_29.JPG', 'image/jpeg', 864428, '2015-05-13 16:15:43', NULL, 85, 10),
(1052, 1, 2, NULL, '2015-05-13 16:15:46', '2015-05-13 16:15:46', 're_B90D22OL_30.JPG', 'image/jpeg', 613929, '2015-05-13 16:15:44', 're_B90D22OL_30.JPG', 'image/jpeg', 613929, '2015-05-13 16:15:45', NULL, 85, 11),
(1053, 1, 2, NULL, '2015-05-13 16:15:47', '2015-05-13 16:15:47', 're_B90D22OL_31.JPG', 'image/jpeg', 690920, '2015-05-13 16:15:46', 're_B90D22OL_31.JPG', 'image/jpeg', 690920, '2015-05-13 16:15:46', NULL, 85, 12),
(1054, 1, 2, NULL, '2015-05-13 16:15:49', '2015-05-13 16:15:49', 're_B90D22OL_32.JPG', 'image/jpeg', 643108, '2015-05-13 16:15:47', 're_B90D22OL_32.JPG', 'image/jpeg', 643108, '2015-05-13 16:15:48', NULL, 85, 13),
(1055, 1, 2, NULL, '2015-05-13 16:15:50', '2015-05-13 16:15:50', 're_B90D22OL_33.JPG', 'image/jpeg', 667524, '2015-05-13 16:15:49', 're_B90D22OL_33.JPG', 'image/jpeg', 667524, '2015-05-13 16:15:49', NULL, 85, 14),
(1056, 1, 2, NULL, '2015-05-13 16:15:52', '2015-05-13 16:15:52', 're_B90D22OL_34.JPG', 'image/jpeg', 712033, '2015-05-13 16:15:50', 're_B90D22OL_34.JPG', 'image/jpeg', 712033, '2015-05-13 16:15:51', NULL, 85, 15),
(1057, 1, 2, NULL, '2015-05-13 16:15:53', '2015-05-13 16:15:53', 're_B90D22OL_35.JPG', 'image/jpeg', 683252, '2015-05-13 16:15:52', 're_B90D22OL_35.JPG', 'image/jpeg', 683252, '2015-05-13 16:15:52', NULL, 85, 16),
(1058, 1, 2, NULL, '2015-05-13 16:15:55', '2015-05-13 16:15:55', 're_B90D22OL_36.JPG', 'image/jpeg', 748814, '2015-05-13 16:15:53', 're_B90D22OL_36.JPG', 'image/jpeg', 748814, '2015-05-13 16:15:54', NULL, 85, 17),
(1059, 1, 2, NULL, '2015-05-13 16:15:56', '2015-05-13 16:15:56', 're_B90D22OL_37.JPG', 'image/jpeg', 756786, '2015-05-13 16:15:55', 're_B90D22OL_37.JPG', 'image/jpeg', 756786, '2015-05-13 16:15:55', NULL, 85, 18),
(1060, 1, 2, NULL, '2015-05-13 16:15:58', '2015-05-13 16:15:58', 're_B90D22OL_38.JPG', 'image/jpeg', 616104, '2015-05-13 16:15:56', 're_B90D22OL_38.JPG', 'image/jpeg', 616104, '2015-05-13 16:15:57', NULL, 85, 19),
(1061, 1, 2, NULL, '2015-05-13 16:16:17', '2015-05-13 16:16:17', 're_B90GTL2_28.JPG', 'image/jpeg', 630784, '2015-05-13 16:16:16', 're_B90GTL2_28.JPG', 'image/jpeg', 630784, '2015-05-13 16:16:17', NULL, 86, 1),
(1062, 1, 2, NULL, '2015-05-13 16:16:19', '2015-05-13 16:16:19', 're_B90GTL2_29.JPG', 'image/jpeg', 447115, '2015-05-13 16:16:17', 're_B90GTL2_29.JPG', 'image/jpeg', 447115, '2015-05-13 16:16:18', NULL, 86, 2),
(1063, 1, 2, NULL, '2015-05-13 16:16:20', '2015-05-13 16:16:20', 're_B90GTL2_30.JPG', 'image/jpeg', 546390, '2015-05-13 16:16:19', 're_B90GTL2_30.JPG', 'image/jpeg', 546390, '2015-05-13 16:16:20', NULL, 86, 3),
(1064, 1, 2, NULL, '2015-05-13 16:16:22', '2015-05-13 16:16:22', 're_B90GTL2_31.JPG', 'image/jpeg', 462969, '2015-05-13 16:16:20', 're_B90GTL2_31.JPG', 'image/jpeg', 462969, '2015-05-13 16:16:21', NULL, 86, 4),
(1065, 1, 2, NULL, '2015-05-13 16:16:23', '2015-05-13 16:16:23', 're_B90GTL2_32.JPG', 'image/jpeg', 868465, '2015-05-13 16:16:22', 're_B90GTL2_32.JPG', 'image/jpeg', 868465, '2015-05-13 16:16:22', NULL, 86, 5),
(1066, 1, 2, NULL, '2015-05-13 16:16:27', '2015-05-13 16:16:27', 're_B90GTL2_33.JPG', 'image/jpeg', 840873, '2015-05-13 16:16:24', 're_B90GTL2_33.JPG', 'image/jpeg', 840873, '2015-05-13 16:16:26', NULL, 86, 6),
(1067, 1, 2, NULL, '2015-05-13 16:16:30', '2015-05-13 16:16:30', 're_B90GTL2_34.JPG', 'image/jpeg', 703598, '2015-05-13 16:16:27', 're_B90GTL2_34.JPG', 'image/jpeg', 703598, '2015-05-13 16:16:29', NULL, 86, 7),
(1068, 1, 2, NULL, '2015-05-13 16:16:33', '2015-05-13 16:16:33', 're_B90GTL2_35.JPG', 'image/jpeg', 509177, '2015-05-13 16:16:30', 're_B90GTL2_35.JPG', 'image/jpeg', 509177, '2015-05-13 16:16:32', NULL, 86, 8),
(1069, 1, 2, NULL, '2015-05-13 16:16:38', '2015-05-13 16:16:38', 're_B90GTL2_36.JPG', 'image/jpeg', 573100, '2015-05-13 16:16:33', 're_B90GTL2_36.JPG', 'image/jpeg', 573100, '2015-05-13 16:16:36', NULL, 86, 9),
(1070, 1, 2, NULL, '2015-05-13 16:16:42', '2015-05-13 16:16:42', 're_B90GTL2_37.JPG', 'image/jpeg', 777735, '2015-05-13 16:16:38', 're_B90GTL2_37.JPG', 'image/jpeg', 777735, '2015-05-13 16:16:40', NULL, 86, 10),
(1071, 1, 2, NULL, '2015-05-13 16:16:44', '2015-05-13 16:16:44', 're_B90GTL2_38.JPG', 'image/jpeg', 601388, '2015-05-13 16:16:42', 're_B90GTL2_38.JPG', 'image/jpeg', 601388, '2015-05-13 16:16:43', NULL, 86, 11),
(1072, 1, 2, NULL, '2015-05-13 16:16:46', '2015-05-13 16:16:46', 're_B90GTL2_39.JPG', 'image/jpeg', 585446, '2015-05-13 16:16:44', 're_B90GTL2_39.JPG', 'image/jpeg', 585446, '2015-05-13 16:16:45', NULL, 86, 12),
(1073, 1, 2, NULL, '2015-05-13 16:16:47', '2015-05-13 16:16:47', 're_B90GTL2_40.JPG', 'image/jpeg', 675200, '2015-05-13 16:16:46', 're_B90GTL2_40.JPG', 'image/jpeg', 675200, '2015-05-13 16:16:46', NULL, 86, 13),
(1074, 1, 2, NULL, '2015-05-13 16:16:49', '2015-05-13 16:16:49', 're_B90GTL2_41.JPG', 'image/jpeg', 804924, '2015-05-13 16:16:47', 're_B90GTL2_41.JPG', 'image/jpeg', 804924, '2015-05-13 16:16:48', NULL, 86, 14),
(1075, 1, 2, NULL, '2015-05-13 16:16:50', '2015-05-13 16:16:50', 're_B90GTL2_42.JPG', 'image/jpeg', 433034, '2015-05-13 16:16:49', 're_B90GTL2_42.JPG', 'image/jpeg', 433034, '2015-05-13 16:16:50', NULL, 86, 15),
(1076, 1, 2, NULL, '2015-05-13 16:16:52', '2015-05-13 16:16:52', 're_B90GTL2_43.JPG', 'image/jpeg', 613262, '2015-05-13 16:16:50', 're_B90GTL2_43.JPG', 'image/jpeg', 613262, '2015-05-13 16:16:51', NULL, 86, 16),
(1077, 1, 2, NULL, '2015-05-13 16:16:54', '2015-05-13 16:16:54', 're_B90GTL2_44.JPG', 'image/jpeg', 691947, '2015-05-13 16:16:52', 're_B90GTL2_44.JPG', 'image/jpeg', 691947, '2015-05-13 16:16:53', NULL, 86, 17),
(1078, 1, 2, NULL, '2015-05-13 16:16:55', '2015-05-13 16:16:55', 're_B90GTL2_46.JPG', 'image/jpeg', 826371, '2015-05-13 16:16:54', 're_B90GTL2_46.JPG', 'image/jpeg', 826371, '2015-05-13 16:16:54', NULL, 86, 18),
(1079, 1, 2, NULL, '2015-05-13 16:16:57', '2015-05-13 16:16:57', 're_B90GTL2_47.JPG', 'image/jpeg', 786761, '2015-05-13 16:16:55', 're_B90GTL2_47.JPG', 'image/jpeg', 786761, '2015-05-13 16:16:56', NULL, 86, 19),
(1080, 1, 2, NULL, '2015-05-13 16:16:58', '2015-05-13 16:16:58', 're_B90GTL2_48.JPG', 'image/jpeg', 725252, '2015-05-13 16:16:57', 're_B90GTL2_48.JPG', 'image/jpeg', 725252, '2015-05-13 16:16:57', NULL, 86, 20),
(1081, 1, 2, NULL, '2015-05-13 16:17:00', '2015-05-13 16:17:00', 're_B90GTL2_49.JPG', 'image/jpeg', 628760, '2015-05-13 16:16:58', 're_B90GTL2_49.JPG', 'image/jpeg', 628760, '2015-05-13 16:16:59', NULL, 86, 21),
(1082, 1, 2, NULL, '2015-05-13 16:17:45', '2015-05-13 16:17:45', 're_B90L2PC_21.JPG', 'image/jpeg', 447733, '2015-05-13 16:17:44', 're_B90L2PC_21.JPG', 'image/jpeg', 447733, '2015-05-13 16:17:44', NULL, 87, 1),
(1083, 1, 2, NULL, '2015-05-13 16:17:47', '2015-05-13 16:17:47', 're_B90L2PC_22.JPG', 'image/jpeg', 546112, '2015-05-13 16:17:45', 're_B90L2PC_22.JPG', 'image/jpeg', 546112, '2015-05-13 16:17:46', NULL, 87, 2),
(1084, 1, 2, NULL, '2015-05-13 16:17:48', '2015-05-13 16:17:48', 're_B90L2PC_23.JPG', 'image/jpeg', 746192, '2015-05-13 16:17:47', 're_B90L2PC_23.JPG', 'image/jpeg', 746192, '2015-05-13 16:17:48', NULL, 87, 3),
(1085, 1, 2, NULL, '2015-05-13 16:17:50', '2015-05-13 16:17:50', 're_B90L2PC_24.JPG', 'image/jpeg', 934789, '2015-05-13 16:17:48', 're_B90L2PC_24.JPG', 'image/jpeg', 934789, '2015-05-13 16:17:49', NULL, 87, 4),
(1086, 1, 2, NULL, '2015-05-13 16:17:51', '2015-05-13 16:17:51', 're_B90L2PC_25.JPG', 'image/jpeg', 842878, '2015-05-13 16:17:50', 're_B90L2PC_25.JPG', 'image/jpeg', 842878, '2015-05-13 16:17:51', NULL, 87, 5),
(1087, 1, 2, NULL, '2015-05-13 16:17:53', '2015-05-13 16:17:53', 're_B90L2PC_26.JPG', 'image/jpeg', 701231, '2015-05-13 16:17:51', 're_B90L2PC_26.JPG', 'image/jpeg', 701231, '2015-05-13 16:17:52', NULL, 87, 6),
(1088, 1, 2, NULL, '2015-05-13 16:17:57', '2015-05-13 16:17:57', 're_B90L2PC_27.JPG', 'image/jpeg', 618594, '2015-05-13 16:17:53', 're_B90L2PC_27.JPG', 'image/jpeg', 618594, '2015-05-13 16:17:55', NULL, 87, 7),
(1089, 1, 2, NULL, '2015-05-13 16:17:58', '2015-05-13 16:17:58', 're_B90L2PC_28.JPG', 'image/jpeg', 661385, '2015-05-13 16:17:57', 're_B90L2PC_28.JPG', 'image/jpeg', 661385, '2015-05-13 16:17:57', NULL, 87, 8),
(1090, 1, 2, NULL, '2015-05-13 16:18:00', '2015-05-13 16:18:00', 're_B90L2PC_29.JPG', 'image/jpeg', 880618, '2015-05-13 16:17:58', 're_B90L2PC_29.JPG', 'image/jpeg', 880618, '2015-05-13 16:17:59', NULL, 87, 9),
(1091, 1, 2, NULL, '2015-05-13 16:18:01', '2015-05-13 16:18:01', 're_B90L2PC_30.JPG', 'image/jpeg', 669378, '2015-05-13 16:18:00', 're_B90L2PC_30.JPG', 'image/jpeg', 669378, '2015-05-13 16:18:00', NULL, 87, 10),
(1092, 1, 2, NULL, '2015-05-13 16:18:03', '2015-05-13 16:18:03', 're_B90L2PC_31.JPG', 'image/jpeg', 756207, '2015-05-13 16:18:01', 're_B90L2PC_31.JPG', 'image/jpeg', 756207, '2015-05-13 16:18:02', NULL, 87, 11),
(1093, 1, 2, NULL, '2015-05-13 16:18:04', '2015-05-13 16:18:04', 're_B90L2PC_32.JPG', 'image/jpeg', 750013, '2015-05-13 16:18:03', 're_B90L2PC_32.JPG', 'image/jpeg', 750013, '2015-05-13 16:18:03', NULL, 87, 12),
(1094, 1, 2, NULL, '2015-05-13 16:18:06', '2015-05-13 16:18:06', 're_B90L2PC_33.JPG', 'image/jpeg', 759389, '2015-05-13 16:18:04', 're_B90L2PC_33.JPG', 'image/jpeg', 759389, '2015-05-13 16:18:05', NULL, 87, 13),
(1095, 1, 2, NULL, '2015-05-13 16:18:07', '2015-05-13 16:18:07', 're_B90L2PC_34.JPG', 'image/jpeg', 794971, '2015-05-13 16:18:06', 're_B90L2PC_34.JPG', 'image/jpeg', 794971, '2015-05-13 16:18:07', NULL, 87, 14),
(1096, 1, 2, NULL, '2015-05-13 16:18:09', '2015-05-13 16:18:09', 're_B90L2PC_35.JPG', 'image/jpeg', 779843, '2015-05-13 16:18:07', 're_B90L2PC_35.JPG', 'image/jpeg', 779843, '2015-05-13 16:18:08', NULL, 87, 15),
(1097, 1, 2, NULL, '2015-05-13 16:18:10', '2015-05-13 16:18:10', 're_B90L2PC_36.JPG', 'image/jpeg', 714244, '2015-05-13 16:18:09', 're_B90L2PC_36.JPG', 'image/jpeg', 714244, '2015-05-13 16:18:10', NULL, 87, 16),
(1098, 1, 2, NULL, '2015-05-13 16:18:12', '2015-05-13 16:18:12', 're_B90L2PC_37.JPG', 'image/jpeg', 599510, '2015-05-13 16:18:10', 're_B90L2PC_37.JPG', 'image/jpeg', 599510, '2015-05-13 16:18:11', NULL, 87, 17),
(1099, 1, 2, NULL, '2015-05-13 16:18:13', '2015-05-13 16:18:13', 're_B90L2PC_38.JPG', 'image/jpeg', 805875, '2015-05-13 16:18:12', 're_B90L2PC_38.JPG', 'image/jpeg', 805875, '2015-05-13 16:18:12', NULL, 87, 18),
(1100, 1, 2, NULL, '2015-05-13 16:18:15', '2015-05-13 16:18:15', 're_B90L2PC_39.JPG', 'image/jpeg', 814967, '2015-05-13 16:18:13', 're_B90L2PC_39.JPG', 'image/jpeg', 814967, '2015-05-13 16:18:14', NULL, 87, 19),
(1101, 1, 2, NULL, '2015-05-13 16:18:17', '2015-05-13 16:18:17', 're_B90L2PC_40.JPG', 'image/jpeg', 768910, '2015-05-13 16:18:15', 're_B90L2PC_40.JPG', 'image/jpeg', 768910, '2015-05-13 16:18:16', NULL, 87, 20),
(1102, 1, 2, NULL, '2015-05-13 16:18:50', '2015-05-13 16:18:50', 're_B90L2PCM_27.JPG', 'image/jpeg', 522146, '2015-05-13 16:18:48', 're_B90L2PCM_27.JPG', 'image/jpeg', 522146, '2015-05-13 16:18:49', NULL, 88, 1),
(1103, 1, 2, NULL, '2015-05-13 16:18:51', '2015-05-13 16:18:51', 're_B90L2PCM_28.JPG', 'image/jpeg', 399121, '2015-05-13 16:18:50', 're_B90L2PCM_28.JPG', 'image/jpeg', 399121, '2015-05-13 16:18:51', NULL, 88, 2),
(1104, 1, 2, NULL, '2015-05-13 16:18:53', '2015-05-13 16:18:53', 're_B90L2PCM_29.JPG', 'image/jpeg', 551299, '2015-05-13 16:18:51', 're_B90L2PCM_29.JPG', 'image/jpeg', 551299, '2015-05-13 16:18:52', NULL, 88, 3),
(1105, 1, 2, NULL, '2015-05-13 16:18:54', '2015-05-13 16:18:54', 're_B90L2PCM_31.JPG', 'image/jpeg', 454787, '2015-05-13 16:18:53', 're_B90L2PCM_31.JPG', 'image/jpeg', 454787, '2015-05-13 16:18:54', NULL, 88, 4),
(1106, 1, 2, NULL, '2015-05-13 16:18:56', '2015-05-13 16:18:56', 're_B90L2PCM_32.JPG', 'image/jpeg', 743823, '2015-05-13 16:18:54', 're_B90L2PCM_32.JPG', 'image/jpeg', 743823, '2015-05-13 16:18:55', NULL, 88, 5),
(1107, 1, 2, NULL, '2015-05-13 16:18:58', '2015-05-13 16:18:58', 're_B90L2PCM_33.JPG', 'image/jpeg', 968680, '2015-05-13 16:18:56', 're_B90L2PCM_33.JPG', 'image/jpeg', 968680, '2015-05-13 16:18:57', NULL, 88, 6),
(1108, 1, 2, NULL, '2015-05-13 16:18:59', '2015-05-13 16:18:59', 're_B90L2PCM_34.JPG', 'image/jpeg', 818391, '2015-05-13 16:18:58', 're_B90L2PCM_34.JPG', 'image/jpeg', 818391, '2015-05-13 16:18:58', NULL, 88, 7),
(1109, 1, 2, NULL, '2015-05-13 16:19:01', '2015-05-13 16:19:01', 're_B90L2PCM_35.JPG', 'image/jpeg', 652391, '2015-05-13 16:18:59', 're_B90L2PCM_35.JPG', 'image/jpeg', 652391, '2015-05-13 16:19:00', NULL, 88, 8),
(1110, 1, 2, NULL, '2015-05-13 16:19:03', '2015-05-13 16:19:03', 're_B90L2PCM_37.JPG', 'image/jpeg', 713771, '2015-05-13 16:19:01', 're_B90L2PCM_37.JPG', 'image/jpeg', 713771, '2015-05-13 16:19:02', NULL, 88, 9),
(1111, 1, 2, NULL, '2015-05-13 16:19:04', '2015-05-13 16:19:04', 're_B90L2PCM_38.JPG', 'image/jpeg', 986647, '2015-05-13 16:19:03', 're_B90L2PCM_38.JPG', 'image/jpeg', 986647, '2015-05-13 16:19:04', NULL, 88, 10),
(1112, 1, 2, NULL, '2015-05-13 16:19:06', '2015-05-13 16:19:06', 're_B90L2PCM_39.JPG', 'image/jpeg', 594257, '2015-05-13 16:19:04', 're_B90L2PCM_39.JPG', 'image/jpeg', 594257, '2015-05-13 16:19:05', NULL, 88, 11),
(1113, 1, 2, NULL, '2015-05-13 16:19:07', '2015-05-13 16:19:07', 're_B90L2PCM_40.JPG', 'image/jpeg', 901812, '2015-05-13 16:19:06', 're_B90L2PCM_40.JPG', 'image/jpeg', 901812, '2015-05-13 16:19:07', NULL, 88, 12),
(1114, 1, 2, NULL, '2015-05-13 16:19:09', '2015-05-13 16:19:09', 're_B90L2PCM_41.JPG', 'image/jpeg', 632130, '2015-05-13 16:19:07', 're_B90L2PCM_41.JPG', 'image/jpeg', 632130, '2015-05-13 16:19:08', NULL, 88, 13),
(1115, 1, 2, NULL, '2015-05-13 16:19:11', '2015-05-13 16:19:11', 're_B90L2PCM_43.JPG', 'image/jpeg', 667463, '2015-05-13 16:19:09', 're_B90L2PCM_43.JPG', 'image/jpeg', 667463, '2015-05-13 16:19:10', NULL, 88, 14),
(1116, 1, 2, NULL, '2015-05-13 16:19:13', '2015-05-13 16:19:13', 're_B90L2PCM_44.JPG', 'image/jpeg', 694782, '2015-05-13 16:19:11', 're_B90L2PCM_44.JPG', 'image/jpeg', 694782, '2015-05-13 16:19:12', NULL, 88, 15),
(1117, 1, 2, NULL, '2015-05-13 16:19:14', '2015-05-13 16:19:14', 're_B90L2PCM_45.JPG', 'image/jpeg', 740833, '2015-05-13 16:19:13', 're_B90L2PCM_45.JPG', 'image/jpeg', 740833, '2015-05-13 16:19:14', NULL, 88, 16),
(1118, 1, 2, NULL, '2015-05-13 16:19:16', '2015-05-13 16:19:16', 're_B90L2PCM_46.JPG', 'image/jpeg', 836883, '2015-05-13 16:19:15', 're_B90L2PCM_46.JPG', 'image/jpeg', 836883, '2015-05-13 16:19:15', NULL, 88, 17),
(1119, 1, 2, NULL, '2015-05-13 16:19:18', '2015-05-13 16:19:18', 're_B90L2PCM_47.JPG', 'image/jpeg', 762686, '2015-05-13 16:19:16', 're_B90L2PCM_47.JPG', 'image/jpeg', 762686, '2015-05-13 16:19:17', NULL, 88, 18),
(1120, 1, 2, NULL, '2015-05-13 16:19:20', '2015-05-13 16:19:20', 're_B90L2PCM_48.JPG', 'image/jpeg', 693942, '2015-05-13 16:19:18', 're_B90L2PCM_48.JPG', 'image/jpeg', 693942, '2015-05-13 16:19:19', NULL, 88, 19),
(1121, 1, 2, NULL, '2015-05-13 16:19:22', '2015-05-13 16:19:22', 're_B90L2PCM_49.JPG', 'image/jpeg', 748608, '2015-05-13 16:19:20', 're_B90L2PCM_49.JPG', 'image/jpeg', 748608, '2015-05-13 16:19:21', NULL, 88, 20);
INSERT INTO `pictures` (`id`, `position1`, `position2`, `time`, `created_at`, `updated_at`, `picture1_file_name`, `picture1_content_type`, `picture1_file_size`, `picture1_updated_at`, `picture2_file_name`, `picture2_content_type`, `picture2_file_size`, `picture2_updated_at`, `position`, `car_id`, `priority`) VALUES
(1122, 1, 2, NULL, '2015-05-13 16:19:23', '2015-05-13 16:19:23', 're_B90L2PCM_50.JPG', 'image/jpeg', 592142, '2015-05-13 16:19:22', 're_B90L2PCM_50.JPG', 'image/jpeg', 592142, '2015-05-13 16:19:22', NULL, 88, 21),
(1123, 1, 2, NULL, '2015-05-13 16:19:53', '2015-05-13 16:19:53', 're_B90L2PMAPE_20.JPG', 'image/jpeg', 667479, '2015-05-13 16:19:52', 're_B90L2PMAPE_20.JPG', 'image/jpeg', 667479, '2015-05-13 16:19:53', NULL, 89, 1),
(1124, 1, 2, NULL, '2015-05-13 16:19:55', '2015-05-13 16:19:55', 're_B90L2PMAPE_21.JPG', 'image/jpeg', 660599, '2015-05-13 16:19:53', 're_B90L2PMAPE_21.JPG', 'image/jpeg', 660599, '2015-05-13 16:19:54', NULL, 89, 2),
(1125, 1, 2, NULL, '2015-05-13 16:19:56', '2015-05-13 16:19:56', 're_B90L2PMAPE_22.JPG', 'image/jpeg', 717384, '2015-05-13 16:19:55', 're_B90L2PMAPE_22.JPG', 'image/jpeg', 717384, '2015-05-13 16:19:55', NULL, 89, 3),
(1126, 1, 2, NULL, '2015-05-13 16:19:58', '2015-05-13 16:19:58', 're_B90L2PMAPE_23.JPG', 'image/jpeg', 824365, '2015-05-13 16:19:56', 're_B90L2PMAPE_23.JPG', 'image/jpeg', 824365, '2015-05-13 16:19:57', NULL, 89, 4),
(1127, 1, 2, NULL, '2015-05-13 16:19:59', '2015-05-13 16:19:59', 're_B90L2PMAPE_24.JPG', 'image/jpeg', 761171, '2015-05-13 16:19:58', 're_B90L2PMAPE_24.JPG', 'image/jpeg', 761171, '2015-05-13 16:19:58', NULL, 89, 5),
(1128, 1, 2, NULL, '2015-05-13 16:20:01', '2015-05-13 16:20:01', 're_B90L2PMAPE_25.JPG', 'image/jpeg', 660609, '2015-05-13 16:19:59', 're_B90L2PMAPE_25.JPG', 'image/jpeg', 660609, '2015-05-13 16:20:00', NULL, 89, 6),
(1129, 1, 2, NULL, '2015-05-13 16:20:02', '2015-05-13 16:20:02', 're_B90L2PMAPE_26.JPG', 'image/jpeg', 537409, '2015-05-13 16:20:01', 're_B90L2PMAPE_26.JPG', 'image/jpeg', 537409, '2015-05-13 16:20:01', NULL, 89, 7),
(1130, 1, 2, NULL, '2015-05-13 16:20:04', '2015-05-13 16:20:04', 're_B90L2PMAPE_27.JPG', 'image/jpeg', 657858, '2015-05-13 16:20:02', 're_B90L2PMAPE_27.JPG', 'image/jpeg', 657858, '2015-05-13 16:20:03', NULL, 89, 8),
(1131, 1, 2, NULL, '2015-05-13 16:20:05', '2015-05-13 16:20:05', 're_B90L2PMAPE_28.JPG', 'image/jpeg', 851769, '2015-05-13 16:20:04', 're_B90L2PMAPE_28.JPG', 'image/jpeg', 851769, '2015-05-13 16:20:04', NULL, 89, 9),
(1132, 1, 2, NULL, '2015-05-13 16:20:07', '2015-05-13 16:20:07', 're_B90L2PMAPE_29.JPG', 'image/jpeg', 663823, '2015-05-13 16:20:05', 're_B90L2PMAPE_29.JPG', 'image/jpeg', 663823, '2015-05-13 16:20:06', NULL, 89, 10),
(1133, 1, 2, NULL, '2015-05-13 16:20:08', '2015-05-13 16:20:08', 're_B90L2PMAPE_30.JPG', 'image/jpeg', 710639, '2015-05-13 16:20:07', 're_B90L2PMAPE_30.JPG', 'image/jpeg', 710639, '2015-05-13 16:20:07', NULL, 89, 11),
(1134, 1, 2, NULL, '2015-05-13 16:20:10', '2015-05-13 16:20:10', 're_B90L2PMAPE_31.JPG', 'image/jpeg', 803866, '2015-05-13 16:20:08', 're_B90L2PMAPE_31.JPG', 'image/jpeg', 803866, '2015-05-13 16:20:09', NULL, 89, 12),
(1135, 1, 2, NULL, '2015-05-13 16:20:11', '2015-05-13 16:20:11', 're_B90L2PMAPE_32.JPG', 'image/jpeg', 643591, '2015-05-13 16:20:10', 're_B90L2PMAPE_32.JPG', 'image/jpeg', 643591, '2015-05-13 16:20:10', NULL, 89, 13),
(1136, 1, 2, NULL, '2015-05-13 16:20:13', '2015-05-13 16:20:13', 're_B90L2PMAPE_33.JPG', 'image/jpeg', 853930, '2015-05-13 16:20:11', 're_B90L2PMAPE_33.JPG', 'image/jpeg', 853930, '2015-05-13 16:20:12', NULL, 89, 14),
(1137, 1, 2, NULL, '2015-05-13 16:20:14', '2015-05-13 16:20:14', 're_B90L2PMAPE_34.JPG', 'image/jpeg', 809562, '2015-05-13 16:20:13', 're_B90L2PMAPE_34.JPG', 'image/jpeg', 809562, '2015-05-13 16:20:14', NULL, 89, 15),
(1138, 1, 2, NULL, '2015-05-13 16:20:16', '2015-05-13 16:20:16', 're_B90L2PMAPE_35.JPG', 'image/jpeg', 934613, '2015-05-13 16:20:14', 're_B90L2PMAPE_35.JPG', 'image/jpeg', 934613, '2015-05-13 16:20:15', NULL, 89, 16),
(1139, 1, 2, NULL, '2015-05-13 16:20:17', '2015-05-13 16:20:17', 're_B90L2PMAPE_36.JPG', 'image/jpeg', 806518, '2015-05-13 16:20:16', 're_B90L2PMAPE_36.JPG', 'image/jpeg', 806518, '2015-05-13 16:20:17', NULL, 89, 17),
(1140, 1, 2, NULL, '2015-05-13 16:20:19', '2015-05-13 16:20:19', 're_B90L2PMAPE_37.JPG', 'image/jpeg', 960655, '2015-05-13 16:20:17', 're_B90L2PMAPE_37.JPG', 'image/jpeg', 960655, '2015-05-13 16:20:18', NULL, 89, 18),
(1141, 1, 2, NULL, '2015-05-13 16:20:20', '2015-05-13 16:20:20', 're_B90L2PMAPE_38.JPG', 'image/jpeg', 780545, '2015-05-13 16:20:19', 're_B90L2PMAPE_38.JPG', 'image/jpeg', 780545, '2015-05-13 16:20:20', NULL, 89, 19),
(1142, 1, 2, NULL, '2015-05-13 16:21:32', '2015-05-13 16:21:32', 're_B90P2SMM_21.JPG', 'image/jpeg', 523311, '2015-05-13 16:21:31', 're_B90P2SMM_21.JPG', 'image/jpeg', 523311, '2015-05-13 16:21:32', NULL, 90, 1),
(1143, 1, 2, NULL, '2015-05-13 16:21:34', '2015-05-13 16:21:34', 're_B90P2SMM_22.JPG', 'image/jpeg', 919373, '2015-05-13 16:21:32', 're_B90P2SMM_22.JPG', 'image/jpeg', 919373, '2015-05-13 16:21:33', NULL, 90, 2),
(1144, 1, 2, NULL, '2015-05-13 16:21:35', '2015-05-13 16:21:35', 're_B90P2SMM_23.JPG', 'image/jpeg', 810194, '2015-05-13 16:21:34', 're_B90P2SMM_23.JPG', 'image/jpeg', 810194, '2015-05-13 16:21:34', NULL, 90, 3),
(1145, 1, 2, NULL, '2015-05-13 16:21:36', '2015-05-13 16:21:36', 're_B90P2SMM_24.JPG', 'image/jpeg', 647488, '2015-05-13 16:21:35', 're_B90P2SMM_24.JPG', 'image/jpeg', 647488, '2015-05-13 16:21:36', NULL, 90, 4),
(1146, 1, 2, NULL, '2015-05-13 16:21:38', '2015-05-13 16:21:38', 're_B90P2SMM_25.JPG', 'image/jpeg', 490311, '2015-05-13 16:21:37', 're_B90P2SMM_25.JPG', 'image/jpeg', 490311, '2015-05-13 16:21:37', NULL, 90, 5),
(1147, 1, 2, NULL, '2015-05-13 16:21:40', '2015-05-13 16:21:40', 're_B90P2SMM_26.JPG', 'image/jpeg', 639547, '2015-05-13 16:21:38', 're_B90P2SMM_26.JPG', 'image/jpeg', 639547, '2015-05-13 16:21:39', NULL, 90, 6),
(1148, 1, 2, NULL, '2015-05-13 16:21:41', '2015-05-13 16:21:41', 're_B90P2SMM_27.JPG', 'image/jpeg', 648865, '2015-05-13 16:21:40', 're_B90P2SMM_27.JPG', 'image/jpeg', 648865, '2015-05-13 16:21:41', NULL, 90, 7),
(1149, 1, 2, NULL, '2015-05-13 16:21:43', '2015-05-13 16:21:43', 're_B90P2SMM_28.JPG', 'image/jpeg', 709299, '2015-05-13 16:21:41', 're_B90P2SMM_28.JPG', 'image/jpeg', 709299, '2015-05-13 16:21:42', NULL, 90, 8),
(1150, 1, 2, NULL, '2015-05-13 16:21:45', '2015-05-13 16:21:45', 're_B90P2SMM_29.JPG', 'image/jpeg', 803142, '2015-05-13 16:21:43', 're_B90P2SMM_29.JPG', 'image/jpeg', 803142, '2015-05-13 16:21:44', NULL, 90, 9),
(1151, 1, 2, NULL, '2015-05-13 16:21:47', '2015-05-13 16:21:47', 're_B90P2SMM_30.JPG', 'image/jpeg', 406913, '2015-05-13 16:21:45', 're_B90P2SMM_30.JPG', 'image/jpeg', 406913, '2015-05-13 16:21:46', NULL, 90, 10),
(1152, 1, 2, NULL, '2015-05-13 16:21:49', '2015-05-13 16:21:49', 're_B90P2SMM_31.JPG', 'image/jpeg', 485011, '2015-05-13 16:21:47', 're_B90P2SMM_31.JPG', 'image/jpeg', 485011, '2015-05-13 16:21:48', NULL, 90, 11),
(1153, 1, 2, NULL, '2015-05-13 16:21:50', '2015-05-13 16:21:50', 're_B90P2SMM_32.JPG', 'image/jpeg', 671573, '2015-05-13 16:21:49', 're_B90P2SMM_32.JPG', 'image/jpeg', 671573, '2015-05-13 16:21:49', NULL, 90, 12),
(1154, 1, 2, NULL, '2015-05-13 16:21:52', '2015-05-13 16:21:52', 're_B90P2SMM_34.JPG', 'image/jpeg', 723850, '2015-05-13 16:21:50', 're_B90P2SMM_34.JPG', 'image/jpeg', 723850, '2015-05-13 16:21:51', NULL, 90, 13),
(1155, 1, 2, NULL, '2015-05-13 16:21:53', '2015-05-13 16:21:53', 're_B90P2SMM_35.JPG', 'image/jpeg', 789193, '2015-05-13 16:21:52', 're_B90P2SMM_35.JPG', 'image/jpeg', 789193, '2015-05-13 16:21:52', NULL, 90, 14),
(1156, 1, 2, NULL, '2015-05-13 16:21:55', '2015-05-13 16:21:55', 're_B90P2SMM_36.JPG', 'image/jpeg', 649266, '2015-05-13 16:21:53', 're_B90P2SMM_36.JPG', 'image/jpeg', 649266, '2015-05-13 16:21:54', NULL, 90, 15),
(1157, 1, 2, NULL, '2015-05-13 16:21:56', '2015-05-13 16:21:56', 're_B90P2SMM_37.JPG', 'image/jpeg', 839253, '2015-05-13 16:21:55', 're_B90P2SMM_37.JPG', 'image/jpeg', 839253, '2015-05-13 16:21:55', NULL, 90, 16),
(1158, 1, 2, NULL, '2015-05-13 16:21:58', '2015-05-13 16:21:58', 're_B90P2SMM_38.JPG', 'image/jpeg', 786160, '2015-05-13 16:21:56', 're_B90P2SMM_38.JPG', 'image/jpeg', 786160, '2015-05-13 16:21:57', NULL, 90, 17),
(1159, 1, 2, NULL, '2015-05-13 16:22:02', '2015-05-13 16:22:02', 're_B90P2SMM_39.JPG', 'image/jpeg', 600409, '2015-05-13 16:21:58', 're_B90P2SMM_39.JPG', 'image/jpeg', 600409, '2015-05-13 16:22:00', NULL, 90, 18),
(1160, 1, 2, NULL, '2015-05-13 16:22:06', '2015-05-13 16:22:06', 're_B90P2SMM_40.JPG', 'image/jpeg', 741889, '2015-05-13 16:22:03', 're_B90P2SMM_40.JPG', 'image/jpeg', 741889, '2015-05-13 16:22:05', NULL, 90, 19),
(1161, 1, 2, NULL, '2015-05-13 16:25:46', '2015-05-13 16:25:46', 're_H79A1NAV_21.JPG', 'image/jpeg', 560815, '2015-05-13 16:25:45', 're_H79A1NAV_21.JPG', 'image/jpeg', 560815, '2015-05-13 16:25:45', NULL, 91, 1),
(1162, 1, 2, NULL, '2015-05-13 16:25:48', '2015-05-13 16:25:48', 're_H79A1NAV_22.JPG', 'image/jpeg', 756892, '2015-05-13 16:25:46', 're_H79A1NAV_22.JPG', 'image/jpeg', 756892, '2015-05-13 16:25:47', NULL, 91, 2),
(1163, 1, 2, NULL, '2015-05-13 16:25:49', '2015-05-13 16:25:49', 're_H79A1NAV_23.JPG', 'image/jpeg', 732881, '2015-05-13 16:25:48', 're_H79A1NAV_23.JPG', 'image/jpeg', 732881, '2015-05-13 16:25:48', NULL, 91, 3),
(1164, 1, 2, NULL, '2015-05-13 16:25:50', '2015-05-13 16:25:50', 're_H79A1NAV_24.JPG', 'image/jpeg', 738939, '2015-05-13 16:25:49', 're_H79A1NAV_24.JPG', 'image/jpeg', 738939, '2015-05-13 16:25:50', NULL, 91, 4),
(1165, 1, 2, NULL, '2015-05-13 16:25:52', '2015-05-13 16:25:52', 're_H79A1NAV_25.JPG', 'image/jpeg', 869236, '2015-05-13 16:25:50', 're_H79A1NAV_25.JPG', 'image/jpeg', 869236, '2015-05-13 16:25:51', NULL, 91, 5),
(1166, 1, 2, NULL, '2015-05-13 16:25:53', '2015-05-13 16:25:53', 're_H79A1NAV_26.JPG', 'image/jpeg', 791245, '2015-05-13 16:25:52', 're_H79A1NAV_26.JPG', 'image/jpeg', 791245, '2015-05-13 16:25:53', NULL, 91, 6),
(1167, 1, 2, NULL, '2015-05-13 16:25:55', '2015-05-13 16:25:55', 're_H79A1NAV_28.JPG', 'image/jpeg', 829548, '2015-05-13 16:25:54', 're_H79A1NAV_28.JPG', 'image/jpeg', 829548, '2015-05-13 16:25:54', NULL, 91, 7),
(1168, 1, 2, NULL, '2015-05-13 16:25:56', '2015-05-13 16:25:56', 're_H79A1NAV_29.JPG', 'image/jpeg', 493539, '2015-05-13 16:25:55', 're_H79A1NAV_29.JPG', 'image/jpeg', 493539, '2015-05-13 16:25:56', NULL, 91, 8),
(1169, 1, 2, NULL, '2015-05-13 16:25:58', '2015-05-13 16:25:58', 're_H79A1NAV_30.JPG', 'image/jpeg', 561943, '2015-05-13 16:25:56', 're_H79A1NAV_30.JPG', 'image/jpeg', 561943, '2015-05-13 16:25:57', NULL, 91, 9),
(1170, 1, 2, NULL, '2015-05-13 16:26:01', '2015-05-13 16:26:01', 're_H79A1NAV_31.JPG', 'image/jpeg', 787075, '2015-05-13 16:25:58', 're_H79A1NAV_31.JPG', 'image/jpeg', 787075, '2015-05-13 16:25:59', NULL, 91, 10),
(1171, 1, 2, NULL, '2015-05-13 16:26:03', '2015-05-13 16:26:03', 're_H79A1NAV_32.JPG', 'image/jpeg', 605482, '2015-05-13 16:26:01', 're_H79A1NAV_32.JPG', 'image/jpeg', 605482, '2015-05-13 16:26:02', NULL, 91, 11),
(1172, 1, 2, NULL, '2015-05-13 16:26:04', '2015-05-13 16:26:04', 're_H79A1NAV_33.JPG', 'image/jpeg', 698393, '2015-05-13 16:26:03', 're_H79A1NAV_33.JPG', 'image/jpeg', 698393, '2015-05-13 16:26:04', NULL, 91, 12),
(1173, 1, 2, NULL, '2015-05-13 16:26:06', '2015-05-13 16:26:06', 're_H79A1NAV_34.JPG', 'image/jpeg', 654026, '2015-05-13 16:26:04', 're_H79A1NAV_34.JPG', 'image/jpeg', 654026, '2015-05-13 16:26:05', NULL, 91, 13),
(1174, 1, 2, NULL, '2015-05-13 16:26:07', '2015-05-13 16:26:07', 're_H79A1NAV_35.JPG', 'image/jpeg', 611884, '2015-05-13 16:26:06', 're_H79A1NAV_35.JPG', 'image/jpeg', 611884, '2015-05-13 16:26:06', NULL, 91, 14),
(1175, 1, 2, NULL, '2015-05-13 16:26:09', '2015-05-13 16:26:09', 're_H79A1NAV_36.JPG', 'image/jpeg', 584341, '2015-05-13 16:26:07', 're_H79A1NAV_36.JPG', 'image/jpeg', 584341, '2015-05-13 16:26:08', NULL, 91, 15),
(1176, 1, 2, NULL, '2015-05-13 16:26:10', '2015-05-13 16:26:10', 're_H79A1NAV_37.JPG', 'image/jpeg', 769300, '2015-05-13 16:26:09', 're_H79A1NAV_37.JPG', 'image/jpeg', 769300, '2015-05-13 16:26:10', NULL, 91, 16),
(1177, 1, 2, NULL, '2015-05-13 16:26:12', '2015-05-13 16:26:12', 're_H79A1NAV_38.JPG', 'image/jpeg', 676238, '2015-05-13 16:26:10', 're_H79A1NAV_38.JPG', 'image/jpeg', 676238, '2015-05-13 16:26:11', NULL, 91, 17),
(1178, 1, 2, NULL, '2015-05-13 16:26:13', '2015-05-13 16:26:13', 're_H79A1NAV_39.JPG', 'image/jpeg', 662984, '2015-05-13 16:26:12', 're_H79A1NAV_39.JPG', 'image/jpeg', 662984, '2015-05-13 16:26:12', NULL, 91, 18),
(1179, 1, 2, NULL, '2015-05-13 16:26:15', '2015-05-13 16:26:15', 're_H79A1NAV_40.JPG', 'image/jpeg', 667902, '2015-05-13 16:26:13', 're_H79A1NAV_40.JPG', 'image/jpeg', 667902, '2015-05-13 16:26:14', NULL, 91, 19),
(1180, 1, 2, NULL, '2015-05-13 16:26:40', '2015-05-13 16:26:40', 're_H79J2ANAV_19.JPG', 'image/jpeg', 597403, '2015-05-13 16:26:38', 're_H79J2ANAV_19.JPG', 'image/jpeg', 597403, '2015-05-13 16:26:39', NULL, 92, 1),
(1181, 1, 2, NULL, '2015-05-13 16:26:41', '2015-05-13 16:26:41', 're_H79J2ANAV_20.JPG', 'image/jpeg', 592420, '2015-05-13 16:26:40', 're_H79J2ANAV_20.JPG', 'image/jpeg', 592420, '2015-05-13 16:26:40', NULL, 92, 2),
(1182, 1, 2, NULL, '2015-05-13 16:26:42', '2015-05-13 16:26:42', 're_H79J2ANAV_21.JPG', 'image/jpeg', 685952, '2015-05-13 16:26:41', 're_H79J2ANAV_21.JPG', 'image/jpeg', 685952, '2015-05-13 16:26:42', NULL, 92, 3),
(1183, 1, 2, NULL, '2015-05-13 16:26:44', '2015-05-13 16:26:44', 're_H79J2ANAV_22.JPG', 'image/jpeg', 524359, '2015-05-13 16:26:43', 're_H79J2ANAV_22.JPG', 'image/jpeg', 524359, '2015-05-13 16:26:43', NULL, 92, 4),
(1184, 1, 2, NULL, '2015-05-13 16:26:45', '2015-05-13 16:26:45', 're_H79J2ANAV_23.JPG', 'image/jpeg', 737367, '2015-05-13 16:26:44', 're_H79J2ANAV_23.JPG', 'image/jpeg', 737367, '2015-05-13 16:26:45', NULL, 92, 5),
(1185, 1, 2, NULL, '2015-05-13 16:26:47', '2015-05-13 16:26:47', 're_H79J2ANAV_24.JPG', 'image/jpeg', 836359, '2015-05-13 16:26:45', 're_H79J2ANAV_24.JPG', 'image/jpeg', 836359, '2015-05-13 16:26:46', NULL, 92, 6),
(1186, 1, 2, NULL, '2015-05-13 16:26:48', '2015-05-13 16:26:48', 're_H79J2ANAV_25.JPG', 'image/jpeg', 704210, '2015-05-13 16:26:47', 're_H79J2ANAV_25.JPG', 'image/jpeg', 704210, '2015-05-13 16:26:48', NULL, 92, 7),
(1187, 1, 2, NULL, '2015-05-13 16:26:50', '2015-05-13 16:26:50', 're_H79J2ANAV_26.JPG', 'image/jpeg', 577449, '2015-05-13 16:26:48', 're_H79J2ANAV_26.JPG', 'image/jpeg', 577449, '2015-05-13 16:26:49', NULL, 92, 8),
(1188, 1, 2, NULL, '2015-05-13 16:26:51', '2015-05-13 16:26:51', 're_H79J2ANAV_27.JPG', 'image/jpeg', 631687, '2015-05-13 16:26:50', 're_H79J2ANAV_27.JPG', 'image/jpeg', 631687, '2015-05-13 16:26:51', NULL, 92, 9),
(1189, 1, 2, NULL, '2015-05-13 16:26:53', '2015-05-13 16:26:53', 're_H79J2ANAV_28.JPG', 'image/jpeg', 763614, '2015-05-13 16:26:51', 're_H79J2ANAV_28.JPG', 'image/jpeg', 763614, '2015-05-13 16:26:52', NULL, 92, 10),
(1190, 1, 2, NULL, '2015-05-13 16:26:55', '2015-05-13 16:26:55', 're_H79J2ANAV_29.JPG', 'image/jpeg', 699152, '2015-05-13 16:26:53', 're_H79J2ANAV_29.JPG', 'image/jpeg', 699152, '2015-05-13 16:26:54', NULL, 92, 11),
(1191, 1, 2, NULL, '2015-05-13 16:26:56', '2015-05-13 16:26:56', 're_H79J2ANAV_30.JPG', 'image/jpeg', 667679, '2015-05-13 16:26:55', 're_H79J2ANAV_30.JPG', 'image/jpeg', 667679, '2015-05-13 16:26:55', NULL, 92, 12),
(1192, 1, 2, NULL, '2015-05-13 16:26:57', '2015-05-13 16:26:57', 're_H79J2ANAV_31.JPG', 'image/jpeg', 763493, '2015-05-13 16:26:56', 're_H79J2ANAV_31.JPG', 'image/jpeg', 763493, '2015-05-13 16:26:57', NULL, 92, 13),
(1193, 1, 2, NULL, '2015-05-13 16:26:59', '2015-05-13 16:26:59', 're_H79J2ANAV_32.JPG', 'image/jpeg', 847328, '2015-05-13 16:26:58', 're_H79J2ANAV_32.JPG', 'image/jpeg', 847328, '2015-05-13 16:26:58', NULL, 92, 14),
(1194, 1, 2, NULL, '2015-05-13 16:27:00', '2015-05-13 16:27:00', 're_H79J2ANAV_33.JPG', 'image/jpeg', 578872, '2015-05-13 16:26:59', 're_H79J2ANAV_33.JPG', 'image/jpeg', 578872, '2015-05-13 16:27:00', NULL, 92, 15),
(1195, 1, 2, NULL, '2015-05-13 16:27:02', '2015-05-13 16:27:02', 're_H79J2ANAV_34.JPG', 'image/jpeg', 630696, '2015-05-13 16:27:01', 're_H79J2ANAV_34.JPG', 'image/jpeg', 630696, '2015-05-13 16:27:01', NULL, 92, 16),
(1196, 1, 2, NULL, '2015-05-13 16:27:04', '2015-05-13 16:27:04', 're_H79J2ANAV_35.JPG', 'image/jpeg', 715295, '2015-05-13 16:27:02', 're_H79J2ANAV_35.JPG', 'image/jpeg', 715295, '2015-05-13 16:27:03', NULL, 92, 17),
(1197, 1, 2, NULL, '2015-05-13 16:27:05', '2015-05-13 16:27:05', 're_H79J2ANAV_36.JPG', 'image/jpeg', 690986, '2015-05-13 16:27:04', 're_H79J2ANAV_36.JPG', 'image/jpeg', 690986, '2015-05-13 16:27:04', NULL, 92, 18),
(1198, 1, 2, NULL, '2015-05-13 16:28:18', '2015-05-13 16:28:18', 're_H79J2AS_40.JPG', 'image/jpeg', 794710, '2015-05-13 16:28:16', 're_H79J2AS_40.JPG', 'image/jpeg', 794710, '2015-05-13 16:28:17', NULL, 93, 1),
(1199, 1, 2, NULL, '2015-05-13 16:28:19', '2015-05-13 16:28:19', 're_H79J2AS_41.JPG', 'image/jpeg', 793028, '2015-05-13 16:28:18', 're_H79J2AS_41.JPG', 'image/jpeg', 793028, '2015-05-13 16:28:18', NULL, 93, 2),
(1200, 1, 2, NULL, '2015-05-13 16:28:22', '2015-05-13 16:28:22', 're_H79J2AS_43.JPG', 'image/jpeg', 852958, '2015-05-13 16:28:19', 're_H79J2AS_43.JPG', 'image/jpeg', 852958, '2015-05-13 16:28:20', NULL, 93, 3),
(1201, 1, 2, NULL, '2015-05-13 16:28:24', '2015-05-13 16:28:24', 're_H79J2AS_45.JPG', 'image/jpeg', 750744, '2015-05-13 16:28:22', 're_H79J2AS_45.JPG', 'image/jpeg', 750744, '2015-05-13 16:28:23', NULL, 93, 4),
(1202, 1, 2, NULL, '2015-05-13 16:28:26', '2015-05-13 16:28:26', 're_H79J2AS_47.JPG', 'image/jpeg', 534464, '2015-05-13 16:28:24', 're_H79J2AS_47.JPG', 'image/jpeg', 534464, '2015-05-13 16:28:25', NULL, 93, 5),
(1203, 1, 2, NULL, '2015-05-13 16:28:28', '2015-05-13 16:28:28', 're_H79J2AS_48.JPG', 'image/jpeg', 638630, '2015-05-13 16:28:26', 're_H79J2AS_48.JPG', 'image/jpeg', 638630, '2015-05-13 16:28:27', NULL, 93, 6),
(1204, 1, 2, NULL, '2015-05-13 16:28:30', '2015-05-13 16:28:30', 're_H79J2AS_49.JPG', 'image/jpeg', 628235, '2015-05-13 16:28:28', 're_H79J2AS_49.JPG', 'image/jpeg', 628235, '2015-05-13 16:28:29', NULL, 93, 7),
(1205, 1, 2, NULL, '2015-05-13 16:28:32', '2015-05-13 16:28:32', 're_H79J2AS_50.JPG', 'image/jpeg', 680599, '2015-05-13 16:28:30', 're_H79J2AS_50.JPG', 'image/jpeg', 680599, '2015-05-13 16:28:31', NULL, 93, 8),
(1206, 1, 2, NULL, '2015-05-13 16:28:33', '2015-05-13 16:28:33', 're_H79J2AS_54.JPG', 'image/jpeg', 822675, '2015-05-13 16:28:32', 're_H79J2AS_54.JPG', 'image/jpeg', 822675, '2015-05-13 16:28:32', NULL, 93, 9),
(1207, 1, 2, NULL, '2015-05-13 16:28:35', '2015-05-13 16:28:35', 're_H79J2AS_56.JPG', 'image/jpeg', 549079, '2015-05-13 16:28:33', 're_H79J2AS_56.JPG', 'image/jpeg', 549079, '2015-05-13 16:28:34', NULL, 93, 10),
(1208, 1, 2, NULL, '2015-05-13 16:28:36', '2015-05-13 16:28:36', 're_H79J2AS_61.JPG', 'image/jpeg', 471340, '2015-05-13 16:28:35', 're_H79J2AS_61.JPG', 'image/jpeg', 471340, '2015-05-13 16:28:35', NULL, 93, 11),
(1209, 1, 2, NULL, '2015-05-13 16:28:37', '2015-05-13 16:28:37', 're_H79J2AS_62.JPG', 'image/jpeg', 532805, '2015-05-13 16:28:36', 're_H79J2AS_62.JPG', 'image/jpeg', 532805, '2015-05-13 16:28:37', NULL, 93, 12),
(1210, 1, 2, NULL, '2015-05-13 16:28:39', '2015-05-13 16:28:39', 're_H79J2AS_63.JPG', 'image/jpeg', 649291, '2015-05-13 16:28:38', 're_H79J2AS_63.JPG', 'image/jpeg', 649291, '2015-05-13 16:28:39', NULL, 93, 13),
(1211, 1, 2, NULL, '2015-05-13 16:28:41', '2015-05-13 16:28:41', 're_H79J2AS_68.JPG', 'image/jpeg', 892988, '2015-05-13 16:28:39', 're_H79J2AS_68.JPG', 'image/jpeg', 892988, '2015-05-13 16:28:41', NULL, 93, 14),
(1212, 1, 2, NULL, '2015-05-13 16:28:43', '2015-05-13 16:28:43', 're_H79J2AS_69.JPG', 'image/jpeg', 934785, '2015-05-13 16:28:41', 're_H79J2AS_69.JPG', 'image/jpeg', 934785, '2015-05-13 16:28:42', NULL, 93, 15),
(1213, 1, 2, NULL, '2015-05-13 16:28:45', '2015-05-13 16:28:45', 're_H79J2AS_71.JPG', 'image/jpeg', 729585, '2015-05-13 16:28:43', 're_H79J2AS_71.JPG', 'image/jpeg', 729585, '2015-05-13 16:28:44', NULL, 93, 16),
(1214, 1, 2, NULL, '2015-05-13 16:28:47', '2015-05-13 16:28:47', 're_H79J2AS_72.JPG', 'image/jpeg', 546879, '2015-05-13 16:28:45', 're_H79J2AS_72.JPG', 'image/jpeg', 546879, '2015-05-13 16:28:46', NULL, 93, 17),
(1215, 1, 2, NULL, '2015-05-13 16:28:49', '2015-05-13 16:28:49', 're_H79J2AS_73.JPG', 'image/jpeg', 594177, '2015-05-13 16:28:47', 're_H79J2AS_73.JPG', 'image/jpeg', 594177, '2015-05-13 16:28:48', NULL, 93, 18),
(1216, 1, 2, NULL, '2015-05-13 16:28:50', '2015-05-13 16:28:50', 're_H79J2AS_74.JPG', 'image/jpeg', 854206, '2015-05-13 16:28:49', 're_H79J2AS_74.JPG', 'image/jpeg', 854206, '2015-05-13 16:28:50', NULL, 93, 19),
(1217, 1, 2, NULL, '2015-05-13 16:28:52', '2015-05-13 16:28:52', 're_H79J2AS_75.JPG', 'image/jpeg', 890694, '2015-05-13 16:28:51', 're_H79J2AS_75.JPG', 'image/jpeg', 890694, '2015-05-13 16:28:51', NULL, 93, 20),
(1218, 1, 2, NULL, '2015-05-13 16:28:54', '2015-05-13 16:28:54', 're_H79J2AS_76.JPG', 'image/jpeg', 787969, '2015-05-13 16:28:52', 're_H79J2AS_76.JPG', 'image/jpeg', 787969, '2015-05-13 16:28:53', NULL, 93, 21),
(1219, 1, 2, NULL, '2015-05-13 16:29:57', '2015-05-13 16:29:57', 're_H79J2MNAV_23.JPG', 'image/jpeg', 564599, '2015-05-13 16:29:56', 're_H79J2MNAV_23.JPG', 'image/jpeg', 564599, '2015-05-13 16:29:57', NULL, 94, 1),
(1220, 1, 2, NULL, '2015-05-13 16:29:59', '2015-05-13 16:29:59', 're_H79J2MNAV_24.JPG', 'image/jpeg', 758788, '2015-05-13 16:29:57', 're_H79J2MNAV_24.JPG', 'image/jpeg', 758788, '2015-05-13 16:29:58', NULL, 94, 2),
(1221, 1, 2, NULL, '2015-05-13 16:30:01', '2015-05-13 16:30:01', 're_H79J2MNAV_25.JPG', 'image/jpeg', 764639, '2015-05-13 16:29:59', 're_H79J2MNAV_25.JPG', 'image/jpeg', 764639, '2015-05-13 16:30:00', NULL, 94, 3),
(1222, 1, 2, NULL, '2015-05-13 16:30:03', '2015-05-13 16:30:03', 're_H79J2MNAV_26.JPG', 'image/jpeg', 761433, '2015-05-13 16:30:01', 're_H79J2MNAV_26.JPG', 'image/jpeg', 761433, '2015-05-13 16:30:02', NULL, 94, 4),
(1223, 1, 2, NULL, '2015-05-13 16:30:05', '2015-05-13 16:30:05', 're_H79J2MNAV_27.JPG', 'image/jpeg', 624680, '2015-05-13 16:30:03', 're_H79J2MNAV_27.JPG', 'image/jpeg', 624680, '2015-05-13 16:30:04', NULL, 94, 5),
(1224, 1, 2, NULL, '2015-05-13 16:30:07', '2015-05-13 16:30:07', 're_H79J2MNAV_28.JPG', 'image/jpeg', 771685, '2015-05-13 16:30:05', 're_H79J2MNAV_28.JPG', 'image/jpeg', 771685, '2015-05-13 16:30:06', NULL, 94, 6),
(1225, 1, 2, NULL, '2015-05-13 16:30:08', '2015-05-13 16:30:08', 're_H79J2MNAV_29.JPG', 'image/jpeg', 845987, '2015-05-13 16:30:07', 're_H79J2MNAV_29.JPG', 'image/jpeg', 845987, '2015-05-13 16:30:08', NULL, 94, 7),
(1226, 1, 2, NULL, '2015-05-13 16:30:10', '2015-05-13 16:30:10', 're_H79J2MNAV_30.JPG', 'image/jpeg', 393846, '2015-05-13 16:30:08', 're_H79J2MNAV_30.JPG', 'image/jpeg', 393846, '2015-05-13 16:30:09', NULL, 94, 8),
(1227, 1, 2, NULL, '2015-05-13 16:30:11', '2015-05-13 16:30:11', 're_H79J2MNAV_31.JPG', 'image/jpeg', 581107, '2015-05-13 16:30:10', 're_H79J2MNAV_31.JPG', 'image/jpeg', 581107, '2015-05-13 16:30:11', NULL, 94, 9),
(1228, 1, 2, NULL, '2015-05-13 16:30:13', '2015-05-13 16:30:13', 're_H79J2MNAV_32.JPG', 'image/jpeg', 738155, '2015-05-13 16:30:12', 're_H79J2MNAV_32.JPG', 'image/jpeg', 738155, '2015-05-13 16:30:12', NULL, 94, 10),
(1229, 1, 2, NULL, '2015-05-13 16:30:14', '2015-05-13 16:30:14', 're_H79J2MNAV_33.JPG', 'image/jpeg', 574386, '2015-05-13 16:30:13', 're_H79J2MNAV_33.JPG', 'image/jpeg', 574386, '2015-05-13 16:30:14', NULL, 94, 11),
(1230, 1, 2, NULL, '2015-05-13 16:30:16', '2015-05-13 16:30:16', 're_H79J2MNAV_34.JPG', 'image/jpeg', 726503, '2015-05-13 16:30:14', 're_H79J2MNAV_34.JPG', 'image/jpeg', 726503, '2015-05-13 16:30:15', NULL, 94, 12),
(1231, 1, 2, NULL, '2015-05-13 16:30:17', '2015-05-13 16:30:17', 're_H79J2MNAV_35.JPG', 'image/jpeg', 454236, '2015-05-13 16:30:16', 're_H79J2MNAV_35.JPG', 'image/jpeg', 454236, '2015-05-13 16:30:17', NULL, 94, 13),
(1232, 1, 2, NULL, '2015-05-13 16:30:19', '2015-05-13 16:30:19', 're_H79J2MNAV_36.JPG', 'image/jpeg', 498451, '2015-05-13 16:30:18', 're_H79J2MNAV_36.JPG', 'image/jpeg', 498451, '2015-05-13 16:30:18', NULL, 94, 14),
(1233, 1, 2, NULL, '2015-05-13 16:30:21', '2015-05-13 16:30:21', 're_H79J2MNAV_37.JPG', 'image/jpeg', 613260, '2015-05-13 16:30:19', 're_H79J2MNAV_37.JPG', 'image/jpeg', 613260, '2015-05-13 16:30:20', NULL, 94, 15),
(1234, 1, 2, NULL, '2015-05-13 16:30:22', '2015-05-13 16:30:22', 're_H79J2MNAV_38.JPG', 'image/jpeg', 583072, '2015-05-13 16:30:21', 're_H79J2MNAV_38.JPG', 'image/jpeg', 583072, '2015-05-13 16:30:21', NULL, 94, 16),
(1235, 1, 2, NULL, '2015-05-13 16:30:23', '2015-05-13 16:30:23', 're_H79J2MNAV_39.JPG', 'image/jpeg', 569570, '2015-05-13 16:30:22', 're_H79J2MNAV_39.JPG', 'image/jpeg', 569570, '2015-05-13 16:30:23', NULL, 94, 17),
(1236, 1, 2, NULL, '2015-05-13 16:30:25', '2015-05-13 16:30:25', 're_H79J2MNAV_40.JPG', 'image/jpeg', 649204, '2015-05-13 16:30:23', 're_H79J2MNAV_40.JPG', 'image/jpeg', 649204, '2015-05-13 16:30:24', NULL, 94, 18),
(1237, 1, 2, NULL, '2015-05-13 16:30:26', '2015-05-13 16:30:26', 're_H79J2MNAV_41.JPG', 'image/jpeg', 789278, '2015-05-13 16:30:25', 're_H79J2MNAV_41.JPG', 'image/jpeg', 789278, '2015-05-13 16:30:26', NULL, 94, 19),
(1238, 1, 2, NULL, '2015-05-13 16:30:28', '2015-05-13 16:30:28', 're_H79J2MNAV_42.JPG', 'image/jpeg', 677541, '2015-05-13 16:30:26', 're_H79J2MNAV_42.JPG', 'image/jpeg', 677541, '2015-05-13 16:30:27', NULL, 94, 20),
(1239, 1, 2, NULL, '2015-05-13 16:30:29', '2015-05-13 16:30:29', 're_H79J2MNAV_43.JPG', 'image/jpeg', 668311, '2015-05-13 16:30:28', 're_H79J2MNAV_43.JPG', 'image/jpeg', 668311, '2015-05-13 16:30:29', NULL, 94, 21),
(1240, 1, 2, NULL, '2015-05-13 16:30:31', '2015-05-13 16:30:31', 're_H79J2MNAV_44.JPG', 'image/jpeg', 676840, '2015-05-13 16:30:29', 're_H79J2MNAV_44.JPG', 'image/jpeg', 676840, '2015-05-13 16:30:30', NULL, 94, 22),
(1241, 1, 2, NULL, '2015-05-13 16:30:57', '2015-05-13 16:30:57', 're_H79J2MSNAV_23.JPG', 'image/jpeg', 589636, '2015-05-13 16:30:56', 're_H79J2MSNAV_23.JPG', 'image/jpeg', 589636, '2015-05-13 16:30:56', NULL, 95, 1),
(1242, 1, 2, NULL, '2015-05-13 16:30:58', '2015-05-13 16:30:58', 're_H79J2MSNAV_24.JPG', 'image/jpeg', 837970, '2015-05-13 16:30:57', 're_H79J2MSNAV_24.JPG', 'image/jpeg', 837970, '2015-05-13 16:30:58', NULL, 95, 2),
(1243, 1, 2, NULL, '2015-05-13 16:31:00', '2015-05-13 16:31:00', 're_H79J2MSNAV_26.JPG', 'image/jpeg', 692349, '2015-05-13 16:30:58', 're_H79J2MSNAV_26.JPG', 'image/jpeg', 692349, '2015-05-13 16:30:59', NULL, 95, 3),
(1244, 1, 2, NULL, '2015-05-13 16:31:01', '2015-05-13 16:31:01', 're_H79J2MSNAV_27.JPG', 'image/jpeg', 595551, '2015-05-13 16:31:00', 're_H79J2MSNAV_27.JPG', 'image/jpeg', 595551, '2015-05-13 16:31:01', NULL, 95, 4),
(1245, 1, 2, NULL, '2015-05-13 16:31:03', '2015-05-13 16:31:03', 're_H79J2MSNAV_28.JPG', 'image/jpeg', 677936, '2015-05-13 16:31:01', 're_H79J2MSNAV_28.JPG', 'image/jpeg', 677936, '2015-05-13 16:31:02', NULL, 95, 5),
(1246, 1, 2, NULL, '2015-05-13 16:31:04', '2015-05-13 16:31:04', 're_H79J2MSNAV_29.JPG', 'image/jpeg', 682508, '2015-05-13 16:31:03', 're_H79J2MSNAV_29.JPG', 'image/jpeg', 682508, '2015-05-13 16:31:04', NULL, 95, 6),
(1247, 1, 2, NULL, '2015-05-13 16:31:06', '2015-05-13 16:31:06', 're_H79J2MSNAV_30.JPG', 'image/jpeg', 696765, '2015-05-13 16:31:04', 're_H79J2MSNAV_30.JPG', 'image/jpeg', 696765, '2015-05-13 16:31:05', NULL, 95, 7),
(1248, 1, 2, NULL, '2015-05-13 16:31:07', '2015-05-13 16:31:07', 're_H79J2MSNAV_31.JPG', 'image/jpeg', 876541, '2015-05-13 16:31:06', 're_H79J2MSNAV_31.JPG', 'image/jpeg', 876541, '2015-05-13 16:31:07', NULL, 95, 8),
(1249, 1, 2, NULL, '2015-05-13 16:31:09', '2015-05-13 16:31:09', 're_H79J2MSNAV_32.JPG', 'image/jpeg', 738455, '2015-05-13 16:31:07', 're_H79J2MSNAV_32.JPG', 'image/jpeg', 738455, '2015-05-13 16:31:08', NULL, 95, 9),
(1250, 1, 2, NULL, '2015-05-13 16:31:10', '2015-05-13 16:31:10', 're_H79J2MSNAV_33.JPG', 'image/jpeg', 574896, '2015-05-13 16:31:09', 're_H79J2MSNAV_33.JPG', 'image/jpeg', 574896, '2015-05-13 16:31:10', NULL, 95, 10),
(1251, 1, 2, NULL, '2015-05-13 16:31:12', '2015-05-13 16:31:12', 're_H79J2MSNAV_35.JPG', 'image/jpeg', 607718, '2015-05-13 16:31:10', 're_H79J2MSNAV_35.JPG', 'image/jpeg', 607718, '2015-05-13 16:31:11', NULL, 95, 11),
(1252, 1, 2, NULL, '2015-05-13 16:31:13', '2015-05-13 16:31:13', 're_H79J2MSNAV_37.JPG', 'image/jpeg', 786352, '2015-05-13 16:31:12', 're_H79J2MSNAV_37.JPG', 'image/jpeg', 786352, '2015-05-13 16:31:13', NULL, 95, 12),
(1253, 1, 2, NULL, '2015-05-13 16:31:15', '2015-05-13 16:31:15', 're_H79J2MSNAV_38.JPG', 'image/jpeg', 483334, '2015-05-13 16:31:13', 're_H79J2MSNAV_38.JPG', 'image/jpeg', 483334, '2015-05-13 16:31:14', NULL, 95, 13),
(1254, 1, 2, NULL, '2015-05-13 16:31:16', '2015-05-13 16:31:16', 're_H79J2MSNAV_39.JPG', 'image/jpeg', 834591, '2015-05-13 16:31:15', 're_H79J2MSNAV_39.JPG', 'image/jpeg', 834591, '2015-05-13 16:31:15', NULL, 95, 14),
(1255, 1, 2, NULL, '2015-05-13 16:31:18', '2015-05-13 16:31:18', 're_H79J2MSNAV_41.JPG', 'image/jpeg', 801533, '2015-05-13 16:31:16', 're_H79J2MSNAV_41.JPG', 'image/jpeg', 801533, '2015-05-13 16:31:17', NULL, 95, 15),
(1256, 1, 2, NULL, '2015-05-13 16:31:19', '2015-05-13 16:31:19', 're_H79J2MSNAV_42.JPG', 'image/jpeg', 762544, '2015-05-13 16:31:18', 're_H79J2MSNAV_42.JPG', 'image/jpeg', 762544, '2015-05-13 16:31:18', NULL, 95, 16),
(1257, 1, 2, NULL, '2015-05-13 16:31:21', '2015-05-13 16:31:21', 're_H79J2MSNAV_43.JPG', 'image/jpeg', 550388, '2015-05-13 16:31:19', 're_H79J2MSNAV_43.JPG', 'image/jpeg', 550388, '2015-05-13 16:31:20', NULL, 95, 17),
(1258, 1, 2, NULL, '2015-05-13 16:31:22', '2015-05-13 16:31:22', 're_H79J2MSNAV_44.JPG', 'image/jpeg', 885702, '2015-05-13 16:31:21', 're_H79J2MSNAV_44.JPG', 'image/jpeg', 885702, '2015-05-13 16:31:21', NULL, 95, 18),
(1259, 1, 2, NULL, '2015-05-13 16:32:02', '2015-05-13 16:32:02', 're_H79K1ASMOU_23.JPG', 'image/jpeg', 885956, '2015-05-13 16:32:01', 're_H79K1ASMOU_23.JPG', 'image/jpeg', 885956, '2015-05-13 16:32:01', NULL, 96, 1),
(1260, 1, 2, NULL, '2015-05-13 16:32:03', '2015-05-13 16:32:03', 're_H79K1ASMOU_25.JPG', 'image/jpeg', 675525, '2015-05-13 16:32:02', 're_H79K1ASMOU_25.JPG', 'image/jpeg', 675525, '2015-05-13 16:32:03', NULL, 96, 2),
(1261, 1, 2, NULL, '2015-05-13 16:32:05', '2015-05-13 16:32:05', 're_H79K1ASMOU_26.JPG', 'image/jpeg', 541037, '2015-05-13 16:32:03', 're_H79K1ASMOU_26.JPG', 'image/jpeg', 541037, '2015-05-13 16:32:04', NULL, 96, 3),
(1262, 1, 2, NULL, '2015-05-13 16:32:06', '2015-05-13 16:32:06', 're_H79K1ASMOU_27.JPG', 'image/jpeg', 818651, '2015-05-13 16:32:05', 're_H79K1ASMOU_27.JPG', 'image/jpeg', 818651, '2015-05-13 16:32:06', NULL, 96, 4),
(1263, 1, 2, NULL, '2015-05-13 16:32:08', '2015-05-13 16:32:08', 're_H79K1ASMOU_28.JPG', 'image/jpeg', 506791, '2015-05-13 16:32:06', 're_H79K1ASMOU_28.JPG', 'image/jpeg', 506791, '2015-05-13 16:32:07', NULL, 96, 5),
(1264, 1, 2, NULL, '2015-05-13 16:32:09', '2015-05-13 16:32:09', 're_H79K1ASMOU_29.JPG', 'image/jpeg', 685678, '2015-05-13 16:32:08', 're_H79K1ASMOU_29.JPG', 'image/jpeg', 685678, '2015-05-13 16:32:08', NULL, 96, 6),
(1265, 1, 2, NULL, '2015-05-13 16:32:11', '2015-05-13 16:32:11', 're_H79K1ASMOU_30.JPG', 'image/jpeg', 650504, '2015-05-13 16:32:09', 're_H79K1ASMOU_30.JPG', 'image/jpeg', 650504, '2015-05-13 16:32:10', NULL, 96, 7),
(1266, 1, 2, NULL, '2015-05-13 16:32:12', '2015-05-13 16:32:12', 're_H79K1ASMOU_31.JPG', 'image/jpeg', 733253, '2015-05-13 16:32:11', 're_H79K1ASMOU_31.JPG', 'image/jpeg', 733253, '2015-05-13 16:32:11', NULL, 96, 8),
(1267, 1, 2, NULL, '2015-05-13 16:32:13', '2015-05-13 16:32:13', 're_H79K1ASMOU_32.JPG', 'image/jpeg', 761198, '2015-05-13 16:32:12', 're_H79K1ASMOU_32.JPG', 'image/jpeg', 761198, '2015-05-13 16:32:13', NULL, 96, 9),
(1268, 1, 2, NULL, '2015-05-13 16:32:15', '2015-05-13 16:32:15', 're_H79K1ASMOU_33.JPG', 'image/jpeg', 602774, '2015-05-13 16:32:14', 're_H79K1ASMOU_33.JPG', 'image/jpeg', 602774, '2015-05-13 16:32:14', NULL, 96, 10),
(1269, 1, 2, NULL, '2015-05-13 16:32:16', '2015-05-13 16:32:16', 're_H79K1ASMOU_35.JPG', 'image/jpeg', 651958, '2015-05-13 16:32:15', 're_H79K1ASMOU_35.JPG', 'image/jpeg', 651958, '2015-05-13 16:32:16', NULL, 96, 11),
(1270, 1, 2, NULL, '2015-05-13 16:32:18', '2015-05-13 16:32:18', 're_H79K1ASMOU_36.JPG', 'image/jpeg', 603977, '2015-05-13 16:32:16', 're_H79K1ASMOU_36.JPG', 'image/jpeg', 603977, '2015-05-13 16:32:17', NULL, 96, 12),
(1271, 1, 2, NULL, '2015-05-13 16:32:19', '2015-05-13 16:32:19', 're_H79K1ASMOU_37.JPG', 'image/jpeg', 794889, '2015-05-13 16:32:18', 're_H79K1ASMOU_37.JPG', 'image/jpeg', 794889, '2015-05-13 16:32:19', NULL, 96, 13),
(1272, 1, 2, NULL, '2015-05-13 16:32:21', '2015-05-13 16:32:21', 're_H79K1ASMOU_38.JPG', 'image/jpeg', 802653, '2015-05-13 16:32:19', 're_H79K1ASMOU_38.JPG', 'image/jpeg', 802653, '2015-05-13 16:32:20', NULL, 96, 14),
(1273, 1, 2, NULL, '2015-05-13 16:32:22', '2015-05-13 16:32:22', 're_H79K1ASMOU_39.JPG', 'image/jpeg', 847425, '2015-05-13 16:32:21', 're_H79K1ASMOU_39.JPG', 'image/jpeg', 847425, '2015-05-13 16:32:22', NULL, 96, 15),
(1274, 1, 2, NULL, '2015-05-13 16:32:24', '2015-05-13 16:32:24', 're_H79K1ASMOU_41.JPG', 'image/jpeg', 856829, '2015-05-13 16:32:22', 're_H79K1ASMOU_41.JPG', 'image/jpeg', 856829, '2015-05-13 16:32:23', NULL, 96, 16),
(1275, 1, 2, NULL, '2015-05-13 16:32:25', '2015-05-13 16:32:25', 're_H79K1ASMOU_42.JPG', 'image/jpeg', 818464, '2015-05-13 16:32:24', 're_H79K1ASMOU_42.JPG', 'image/jpeg', 818464, '2015-05-13 16:32:24', NULL, 96, 17),
(1276, 1, 2, NULL, '2015-05-13 16:32:27', '2015-05-13 16:32:27', 're_H79K1ASMOU_43.JPG', 'image/jpeg', 791794, '2015-05-13 16:32:25', 're_H79K1ASMOU_43.JPG', 'image/jpeg', 791794, '2015-05-13 16:32:26', NULL, 96, 18),
(1277, 1, 2, NULL, '2015-05-13 16:32:28', '2015-05-13 16:32:28', 're_H79K1ASMOU_44.JPG', 'image/jpeg', 530063, '2015-05-13 16:32:27', 're_H79K1ASMOU_44.JPG', 'image/jpeg', 530063, '2015-05-13 16:32:28', NULL, 96, 19),
(1278, 1, 2, NULL, '2015-05-13 16:34:41', '2015-05-13 16:34:41', 're_H79K1MSM_24.JPG', 'image/jpeg', 586128, '2015-05-13 16:34:40', 're_H79K1MSM_24.JPG', 'image/jpeg', 586128, '2015-05-13 16:34:40', NULL, 97, 1),
(1279, 1, 2, NULL, '2015-05-13 16:34:42', '2015-05-13 16:34:42', 're_H79K1MSM_25.JPG', 'image/jpeg', 497705, '2015-05-13 16:34:41', 're_H79K1MSM_25.JPG', 'image/jpeg', 497705, '2015-05-13 16:34:42', NULL, 97, 2),
(1280, 1, 2, NULL, '2015-05-13 16:34:44', '2015-05-13 16:34:44', 're_H79K1MSM_26.JPG', 'image/jpeg', 850057, '2015-05-13 16:34:42', 're_H79K1MSM_26.JPG', 'image/jpeg', 850057, '2015-05-13 16:34:43', NULL, 97, 3),
(1281, 1, 2, NULL, '2015-05-13 16:34:45', '2015-05-13 16:34:45', 're_H79K1MSM_27.JPG', 'image/jpeg', 807731, '2015-05-13 16:34:44', 're_H79K1MSM_27.JPG', 'image/jpeg', 807731, '2015-05-13 16:34:45', NULL, 97, 4),
(1282, 1, 2, NULL, '2015-05-13 16:34:47', '2015-05-13 16:34:47', 're_H79K1MSM_28.JPG', 'image/jpeg', 675592, '2015-05-13 16:34:45', 're_H79K1MSM_28.JPG', 'image/jpeg', 675592, '2015-05-13 16:34:46', NULL, 97, 5),
(1283, 1, 2, NULL, '2015-05-13 16:34:48', '2015-05-13 16:34:48', 're_H79K1MSM_29.JPG', 'image/jpeg', 583190, '2015-05-13 16:34:47', 're_H79K1MSM_29.JPG', 'image/jpeg', 583190, '2015-05-13 16:34:48', NULL, 97, 6),
(1284, 1, 2, NULL, '2015-05-13 16:34:50', '2015-05-13 16:34:50', 're_H79K1MSM_30.JPG', 'image/jpeg', 679913, '2015-05-13 16:34:48', 're_H79K1MSM_30.JPG', 'image/jpeg', 679913, '2015-05-13 16:34:49', NULL, 97, 7),
(1285, 1, 2, NULL, '2015-05-13 16:34:51', '2015-05-13 16:34:51', 're_H79K1MSM_31.JPG', 'image/jpeg', 907613, '2015-05-13 16:34:50', 're_H79K1MSM_31.JPG', 'image/jpeg', 907613, '2015-05-13 16:34:50', NULL, 97, 8),
(1286, 1, 2, NULL, '2015-05-13 16:34:53', '2015-05-13 16:34:53', 're_H79K1MSM_32.JPG', 'image/jpeg', 824766, '2015-05-13 16:34:51', 're_H79K1MSM_32.JPG', 'image/jpeg', 824766, '2015-05-13 16:34:52', NULL, 97, 9),
(1287, 1, 2, NULL, '2015-05-13 16:34:54', '2015-05-13 16:34:54', 're_H79K1MSM_33.JPG', 'image/jpeg', 835571, '2015-05-13 16:34:53', 're_H79K1MSM_33.JPG', 'image/jpeg', 835571, '2015-05-13 16:34:54', NULL, 97, 10),
(1288, 1, 2, NULL, '2015-05-13 16:34:56', '2015-05-13 16:34:56', 're_H79K1MSM_34.JPG', 'image/jpeg', 721154, '2015-05-13 16:34:54', 're_H79K1MSM_34.JPG', 'image/jpeg', 721154, '2015-05-13 16:34:55', NULL, 97, 11),
(1289, 1, 2, NULL, '2015-05-13 16:34:57', '2015-05-13 16:34:57', 're_H79K1MSM_35.JPG', 'image/jpeg', 619835, '2015-05-13 16:34:56', 're_H79K1MSM_35.JPG', 'image/jpeg', 619835, '2015-05-13 16:34:56', NULL, 97, 12),
(1290, 1, 2, NULL, '2015-05-13 16:34:59', '2015-05-13 16:34:59', 're_H79K1MSM_36.JPG', 'image/jpeg', 627566, '2015-05-13 16:34:57', 're_H79K1MSM_36.JPG', 'image/jpeg', 627566, '2015-05-13 16:34:58', NULL, 97, 13),
(1291, 1, 2, NULL, '2015-05-13 16:35:00', '2015-05-13 16:35:00', 're_H79K1MSM_37.JPG', 'image/jpeg', 531046, '2015-05-13 16:34:59', 're_H79K1MSM_37.JPG', 'image/jpeg', 531046, '2015-05-13 16:34:59', NULL, 97, 14),
(1292, 1, 2, NULL, '2015-05-13 16:35:01', '2015-05-13 16:35:01', 're_H79K1MSM_38.JPG', 'image/jpeg', 726654, '2015-05-13 16:35:00', 're_H79K1MSM_38.JPG', 'image/jpeg', 726654, '2015-05-13 16:35:01', NULL, 97, 15),
(1293, 1, 2, NULL, '2015-05-13 16:35:03', '2015-05-13 16:35:03', 're_H79K1MSM_40.JPG', 'image/jpeg', 781167, '2015-05-13 16:35:02', 're_H79K1MSM_40.JPG', 'image/jpeg', 781167, '2015-05-13 16:35:02', NULL, 97, 16),
(1294, 1, 2, NULL, '2015-05-13 16:35:05', '2015-05-13 16:35:05', 're_H79K1MSM_41.JPG', 'image/jpeg', 860522, '2015-05-13 16:35:03', 're_H79K1MSM_41.JPG', 'image/jpeg', 860522, '2015-05-13 16:35:04', NULL, 97, 17),
(1295, 1, 2, NULL, '2015-05-13 16:35:06', '2015-05-13 16:35:06', 're_H79K1MSM_42.JPG', 'image/jpeg', 767660, '2015-05-13 16:35:05', 're_H79K1MSM_42.JPG', 'image/jpeg', 767660, '2015-05-13 16:35:05', NULL, 97, 18),
(1296, 1, 2, NULL, '2015-05-13 16:35:08', '2015-05-13 16:35:08', 're_H79K1MSM_43.JPG', 'image/jpeg', 758645, '2015-05-13 16:35:06', 're_H79K1MSM_43.JPG', 'image/jpeg', 758645, '2015-05-13 16:35:07', NULL, 97, 19),
(1297, 1, 2, NULL, '2015-05-13 16:35:09', '2015-05-13 16:35:09', 're_H79K1MSM_44.JPG', 'image/jpeg', 791057, '2015-05-13 16:35:08', 're_H79K1MSM_44.JPG', 'image/jpeg', 791057, '2015-05-13 16:35:08', NULL, 97, 20),
(1298, 1, 2, NULL, '2015-05-13 16:35:10', '2015-05-13 16:35:10', 're_H79K1MSM_45.JPG', 'image/jpeg', 502714, '2015-05-13 16:35:09', 're_H79K1MSM_45.JPG', 'image/jpeg', 502714, '2015-05-13 16:35:10', NULL, 97, 21),
(1299, 1, 2, NULL, '2015-05-13 16:35:42', '2015-05-13 16:35:42', 're_H79K1MSMOU_25.JPG', 'image/jpeg', 584216, '2015-05-13 16:35:41', 're_H79K1MSMOU_25.JPG', 'image/jpeg', 584216, '2015-05-13 16:35:42', NULL, 98, 1),
(1300, 1, 2, NULL, '2015-05-13 16:35:44', '2015-05-13 16:35:44', 're_H79K1MSMOU_26.JPG', 'image/jpeg', 420082, '2015-05-13 16:35:42', 're_H79K1MSMOU_26.JPG', 'image/jpeg', 420082, '2015-05-13 16:35:43', NULL, 98, 2),
(1301, 1, 2, NULL, '2015-05-13 16:35:45', '2015-05-13 16:35:45', 're_H79K1MSMOU_27.JPG', 'image/jpeg', 833312, '2015-05-13 16:35:44', 're_H79K1MSMOU_27.JPG', 'image/jpeg', 833312, '2015-05-13 16:35:44', NULL, 98, 3),
(1302, 1, 2, NULL, '2015-05-13 16:35:47', '2015-05-13 16:35:47', 're_H79K1MSMOU_28.JPG', 'image/jpeg', 732429, '2015-05-13 16:35:45', 're_H79K1MSMOU_28.JPG', 'image/jpeg', 732429, '2015-05-13 16:35:46', NULL, 98, 4),
(1303, 1, 2, NULL, '2015-05-13 16:35:48', '2015-05-13 16:35:48', 're_H79K1MSMOU_29.JPG', 'image/jpeg', 640959, '2015-05-13 16:35:47', 're_H79K1MSMOU_29.JPG', 'image/jpeg', 640959, '2015-05-13 16:35:47', NULL, 98, 5),
(1304, 1, 2, NULL, '2015-05-13 16:35:50', '2015-05-13 16:35:50', 're_H79K1MSMOU_30.JPG', 'image/jpeg', 543416, '2015-05-13 16:35:48', 're_H79K1MSMOU_30.JPG', 'image/jpeg', 543416, '2015-05-13 16:35:49', NULL, 98, 6),
(1305, 1, 2, NULL, '2015-05-13 16:35:51', '2015-05-13 16:35:51', 're_H79K1MSMOU_31.JPG', 'image/jpeg', 778077, '2015-05-13 16:35:50', 're_H79K1MSMOU_31.JPG', 'image/jpeg', 778077, '2015-05-13 16:35:50', NULL, 98, 7),
(1306, 1, 2, NULL, '2015-05-13 16:35:52', '2015-05-13 16:35:52', 're_H79K1MSMOU_32.JPG', 'image/jpeg', 747651, '2015-05-13 16:35:51', 're_H79K1MSMOU_32.JPG', 'image/jpeg', 747651, '2015-05-13 16:35:52', NULL, 98, 8),
(1307, 1, 2, NULL, '2015-05-13 16:35:54', '2015-05-13 16:35:54', 're_H79K1MSMOU_33.JPG', 'image/jpeg', 895374, '2015-05-13 16:35:52', 're_H79K1MSMOU_33.JPG', 'image/jpeg', 895374, '2015-05-13 16:35:53', NULL, 98, 9),
(1308, 1, 2, NULL, '2015-05-13 16:35:55', '2015-05-13 16:35:55', 're_H79K1MSMOU_34.JPG', 'image/jpeg', 570064, '2015-05-13 16:35:54', 're_H79K1MSMOU_34.JPG', 'image/jpeg', 570064, '2015-05-13 16:35:55', NULL, 98, 10),
(1309, 1, 2, NULL, '2015-05-13 16:35:57', '2015-05-13 16:35:57', 're_H79K1MSMOU_35.JPG', 'image/jpeg', 501486, '2015-05-13 16:35:56', 're_H79K1MSMOU_35.JPG', 'image/jpeg', 501486, '2015-05-13 16:35:56', NULL, 98, 11),
(1310, 1, 2, NULL, '2015-05-13 16:35:59', '2015-05-13 16:35:59', 're_H79K1MSMOU_36.JPG', 'image/jpeg', 520921, '2015-05-13 16:35:57', 're_H79K1MSMOU_36.JPG', 'image/jpeg', 520921, '2015-05-13 16:35:58', NULL, 98, 12),
(1311, 1, 2, NULL, '2015-05-13 16:36:01', '2015-05-13 16:36:01', 're_H79K1MSMOU_37.JPG', 'image/jpeg', 309309, '2015-05-13 16:35:59', 're_H79K1MSMOU_37.JPG', 'image/jpeg', 309309, '2015-05-13 16:36:00', NULL, 98, 13),
(1312, 1, 2, NULL, '2015-05-13 16:36:03', '2015-05-13 16:36:03', 're_H79K1MSMOU_38.JPG', 'image/jpeg', 683206, '2015-05-13 16:36:01', 're_H79K1MSMOU_38.JPG', 'image/jpeg', 683206, '2015-05-13 16:36:02', NULL, 98, 14),
(1313, 1, 2, NULL, '2015-05-13 16:36:04', '2015-05-13 16:36:04', 're_H79K1MSMOU_40.JPG', 'image/jpeg', 718426, '2015-05-13 16:36:03', 're_H79K1MSMOU_40.JPG', 'image/jpeg', 718426, '2015-05-13 16:36:03', NULL, 98, 15),
(1314, 1, 2, NULL, '2015-05-13 16:36:07', '2015-05-13 16:36:07', 're_H79K1MSMOU_41.JPG', 'image/jpeg', 594897, '2015-05-13 16:36:04', 're_H79K1MSMOU_41.JPG', 'image/jpeg', 594897, '2015-05-13 16:36:06', NULL, 98, 16),
(1315, 1, 2, NULL, '2015-05-13 16:36:09', '2015-05-13 16:36:09', 're_H79K1MSMOU_42.JPG', 'image/jpeg', 656056, '2015-05-13 16:36:07', 're_H79K1MSMOU_42.JPG', 'image/jpeg', 656056, '2015-05-13 16:36:08', NULL, 98, 17),
(1316, 1, 2, NULL, '2015-05-13 16:36:10', '2015-05-13 16:36:10', 're_H79K1MSMOU_43.JPG', 'image/jpeg', 719864, '2015-05-13 16:36:09', 're_H79K1MSMOU_43.JPG', 'image/jpeg', 719864, '2015-05-13 16:36:10', NULL, 98, 18),
(1317, 1, 2, NULL, '2015-05-13 16:36:13', '2015-05-13 16:36:13', 're_H79K1MSMOU_45.JPG', 'image/jpeg', 813896, '2015-05-13 16:36:10', 're_H79K1MSMOU_45.JPG', 'image/jpeg', 813896, '2015-05-13 16:36:12', NULL, 98, 19),
(1318, 1, 2, NULL, '2015-05-13 16:36:15', '2015-05-13 16:36:15', 're_H79K1MSMOU_46.JPG', 'image/jpeg', 699702, '2015-05-13 16:36:13', 're_H79K1MSMOU_46.JPG', 'image/jpeg', 699702, '2015-05-13 16:36:14', NULL, 98, 20),
(1319, 1, 2, NULL, '2015-05-13 16:36:17', '2015-05-13 16:36:17', 're_H79K1MSMOU_47.JPG', 'image/jpeg', 653225, '2015-05-13 16:36:15', 're_H79K1MSMOU_47.JPG', 'image/jpeg', 653225, '2015-05-13 16:36:16', NULL, 98, 21),
(1320, 1, 2, NULL, '2015-05-13 16:36:19', '2015-05-13 16:36:19', 're_H79K1MSMOU_48.JPG', 'image/jpeg', 792848, '2015-05-13 16:36:17', 're_H79K1MSMOU_48.JPG', 'image/jpeg', 792848, '2015-05-13 16:36:18', NULL, 98, 22),
(1321, 1, 2, NULL, '2015-05-13 16:37:21', '2015-05-13 16:37:21', 're_H79K2ASMM_21.JPG', 'image/jpeg', 624620, '2015-05-13 16:37:20', 're_H79K2ASMM_21.JPG', 'image/jpeg', 624620, '2015-05-13 16:37:21', NULL, 99, 1),
(1322, 1, 2, NULL, '2015-05-13 16:37:23', '2015-05-13 16:37:23', 're_H79K2ASMM_22.JPG', 'image/jpeg', 613199, '2015-05-13 16:37:21', 're_H79K2ASMM_22.JPG', 'image/jpeg', 613199, '2015-05-13 16:37:22', NULL, 99, 2),
(1323, 1, 2, NULL, '2015-05-13 16:37:24', '2015-05-13 16:37:24', 're_H79K2ASMM_23.JPG', 'image/jpeg', 629734, '2015-05-13 16:37:23', 're_H79K2ASMM_23.JPG', 'image/jpeg', 629734, '2015-05-13 16:37:23', NULL, 99, 3),
(1324, 1, 2, NULL, '2015-05-13 16:37:26', '2015-05-13 16:37:26', 're_H79K2ASMM_24.JPG', 'image/jpeg', 797912, '2015-05-13 16:37:24', 're_H79K2ASMM_24.JPG', 'image/jpeg', 797912, '2015-05-13 16:37:25', NULL, 99, 4),
(1325, 1, 2, NULL, '2015-05-13 16:37:27', '2015-05-13 16:37:27', 're_H79K2ASMM_25.JPG', 'image/jpeg', 838073, '2015-05-13 16:37:26', 're_H79K2ASMM_25.JPG', 'image/jpeg', 838073, '2015-05-13 16:37:26', NULL, 99, 5),
(1326, 1, 2, NULL, '2015-05-13 16:37:29', '2015-05-13 16:37:29', 're_H79K2ASMM_26.JPG', 'image/jpeg', 688421, '2015-05-13 16:37:27', 're_H79K2ASMM_26.JPG', 'image/jpeg', 688421, '2015-05-13 16:37:28', NULL, 99, 6),
(1327, 1, 2, NULL, '2015-05-13 16:37:31', '2015-05-13 16:37:31', 're_H79K2ASMM_27.JPG', 'image/jpeg', 380625, '2015-05-13 16:37:29', 're_H79K2ASMM_27.JPG', 'image/jpeg', 380625, '2015-05-13 16:37:30', NULL, 99, 7),
(1328, 1, 2, NULL, '2015-05-13 16:37:33', '2015-05-13 16:37:33', 're_H79K2ASMM_28.JPG', 'image/jpeg', 565159, '2015-05-13 16:37:31', 're_H79K2ASMM_28.JPG', 'image/jpeg', 565159, '2015-05-13 16:37:32', NULL, 99, 8),
(1329, 1, 2, NULL, '2015-05-13 16:37:35', '2015-05-13 16:37:35', 're_H79K2ASMM_29.JPG', 'image/jpeg', 745923, '2015-05-13 16:37:33', 're_H79K2ASMM_29.JPG', 'image/jpeg', 745923, '2015-05-13 16:37:34', NULL, 99, 9),
(1330, 1, 2, NULL, '2015-05-13 16:37:37', '2015-05-13 16:37:37', 're_H79K2ASMM_30.JPG', 'image/jpeg', 600898, '2015-05-13 16:37:35', 're_H79K2ASMM_30.JPG', 'image/jpeg', 600898, '2015-05-13 16:37:36', NULL, 99, 10),
(1331, 1, 2, NULL, '2015-05-13 16:37:39', '2015-05-13 16:37:39', 're_H79K2ASMM_31.JPG', 'image/jpeg', 702814, '2015-05-13 16:37:37', 're_H79K2ASMM_31.JPG', 'image/jpeg', 702814, '2015-05-13 16:37:38', NULL, 99, 11),
(1332, 1, 2, NULL, '2015-05-13 16:37:41', '2015-05-13 16:37:41', 're_H79K2ASMM_32.JPG', 'image/jpeg', 678702, '2015-05-13 16:37:39', 're_H79K2ASMM_32.JPG', 'image/jpeg', 678702, '2015-05-13 16:37:40', NULL, 99, 12),
(1333, 1, 2, NULL, '2015-05-13 16:37:42', '2015-05-13 16:37:42', 're_H79K2ASMM_33.JPG', 'image/jpeg', 784913, '2015-05-13 16:37:41', 're_H79K2ASMM_33.JPG', 'image/jpeg', 784913, '2015-05-13 16:37:42', NULL, 99, 13),
(1334, 1, 2, NULL, '2015-05-13 16:37:44', '2015-05-13 16:37:44', 're_H79K2ASMM_34.JPG', 'image/jpeg', 682319, '2015-05-13 16:37:42', 're_H79K2ASMM_34.JPG', 'image/jpeg', 682319, '2015-05-13 16:37:43', NULL, 99, 14),
(1335, 1, 2, NULL, '2015-05-13 16:37:46', '2015-05-13 16:37:46', 're_H79K2ASMM_35.JPG', 'image/jpeg', 885011, '2015-05-13 16:37:44', 're_H79K2ASMM_35.JPG', 'image/jpeg', 885011, '2015-05-13 16:37:45', NULL, 99, 15),
(1336, 1, 2, NULL, '2015-05-13 16:37:47', '2015-05-13 16:37:47', 're_H79K2ASMM_36.JPG', 'image/jpeg', 518645, '2015-05-13 16:37:46', 're_H79K2ASMM_36.JPG', 'image/jpeg', 518645, '2015-05-13 16:37:46', NULL, 99, 16),
(1337, 1, 2, NULL, '2015-05-13 16:37:49', '2015-05-13 16:37:49', 're_H79K2ASMM_37.JPG', 'image/jpeg', 619267, '2015-05-13 16:37:47', 're_H79K2ASMM_37.JPG', 'image/jpeg', 619267, '2015-05-13 16:37:48', NULL, 99, 17),
(1338, 1, 2, NULL, '2015-05-13 16:37:50', '2015-05-13 16:37:50', 're_H79K2ASMM_38.JPG', 'image/jpeg', 830568, '2015-05-13 16:37:49', 're_H79K2ASMM_38.JPG', 'image/jpeg', 830568, '2015-05-13 16:37:49', NULL, 99, 18),
(1339, 1, 2, NULL, '2015-05-13 16:37:52', '2015-05-13 16:37:52', 're_H79K2ASMM_39.JPG', 'image/jpeg', 800103, '2015-05-13 16:37:50', 're_H79K2ASMM_39.JPG', 'image/jpeg', 800103, '2015-05-13 16:37:51', NULL, 99, 19),
(1340, 1, 2, NULL, '2015-05-13 16:37:54', '2015-05-13 16:37:54', 're_H79K2ASMM_40.JPG', 'image/jpeg', 596626, '2015-05-13 16:37:52', 're_H79K2ASMM_40.JPG', 'image/jpeg', 596626, '2015-05-13 16:37:53', NULL, 99, 20),
(1341, 1, 2, NULL, '2015-05-13 16:38:26', '2015-05-13 16:38:26', 're_H79M1MSCNE_21.JPG', 'image/jpeg', 506526, '2015-05-13 16:38:25', 're_H79M1MSCNE_21.JPG', 'image/jpeg', 506526, '2015-05-13 16:38:26', NULL, 100, 1),
(1342, 1, 2, NULL, '2015-05-13 16:38:28', '2015-05-13 16:38:28', 're_H79M1MSCNE_22.JPG', 'image/jpeg', 736463, '2015-05-13 16:38:26', 're_H79M1MSCNE_22.JPG', 'image/jpeg', 736463, '2015-05-13 16:38:27', NULL, 100, 2),
(1343, 1, 2, NULL, '2015-05-13 16:38:29', '2015-05-13 16:38:29', 're_H79M1MSCNE_23.JPG', 'image/jpeg', 750707, '2015-05-13 16:38:28', 're_H79M1MSCNE_23.JPG', 'image/jpeg', 750707, '2015-05-13 16:38:29', NULL, 100, 3),
(1344, 1, 2, NULL, '2015-05-13 16:38:31', '2015-05-13 16:38:31', 're_H79M1MSCNE_24.JPG', 'image/jpeg', 810192, '2015-05-13 16:38:29', 're_H79M1MSCNE_24.JPG', 'image/jpeg', 810192, '2015-05-13 16:38:30', NULL, 100, 4),
(1345, 1, 2, NULL, '2015-05-13 16:38:32', '2015-05-13 16:38:32', 're_H79M1MSCNE_25.JPG', 'image/jpeg', 518311, '2015-05-13 16:38:31', 're_H79M1MSCNE_25.JPG', 'image/jpeg', 518311, '2015-05-13 16:38:31', NULL, 100, 5),
(1346, 1, 2, NULL, '2015-05-13 16:38:34', '2015-05-13 16:38:34', 're_H79M1MSCNE_26.JPG', 'image/jpeg', 770211, '2015-05-13 16:38:32', 're_H79M1MSCNE_26.JPG', 'image/jpeg', 770211, '2015-05-13 16:38:33', NULL, 100, 6),
(1347, 1, 2, NULL, '2015-05-13 16:38:35', '2015-05-13 16:38:35', 're_H79M1MSCNE_27.JPG', 'image/jpeg', 821567, '2015-05-13 16:38:34', 're_H79M1MSCNE_27.JPG', 'image/jpeg', 821567, '2015-05-13 16:38:34', NULL, 100, 7),
(1348, 1, 2, NULL, '2015-05-13 16:38:37', '2015-05-13 16:38:37', 're_H79M1MSCNE_28.JPG', 'image/jpeg', 697986, '2015-05-13 16:38:35', 're_H79M1MSCNE_28.JPG', 'image/jpeg', 697986, '2015-05-13 16:38:36', NULL, 100, 8),
(1349, 1, 2, NULL, '2015-05-13 16:38:38', '2015-05-13 16:38:38', 're_H79M1MSCNE_29.JPG', 'image/jpeg', 425147, '2015-05-13 16:38:37', 're_H79M1MSCNE_29.JPG', 'image/jpeg', 425147, '2015-05-13 16:38:37', NULL, 100, 9),
(1350, 1, 2, NULL, '2015-05-13 16:38:40', '2015-05-13 16:38:40', 're_H79M1MSCNE_30.JPG', 'image/jpeg', 641001, '2015-05-13 16:38:38', 're_H79M1MSCNE_30.JPG', 'image/jpeg', 641001, '2015-05-13 16:38:39', NULL, 100, 10),
(1351, 1, 2, NULL, '2015-05-13 16:38:41', '2015-05-13 16:38:41', 're_H79M1MSCNE_31.JPG', 'image/jpeg', 775489, '2015-05-13 16:38:40', 're_H79M1MSCNE_31.JPG', 'image/jpeg', 775489, '2015-05-13 16:38:41', NULL, 100, 11),
(1352, 1, 2, NULL, '2015-05-13 16:38:43', '2015-05-13 16:38:43', 're_H79M1MSCNE_32.JPG', 'image/jpeg', 512219, '2015-05-13 16:38:41', 're_H79M1MSCNE_32.JPG', 'image/jpeg', 512219, '2015-05-13 16:38:42', NULL, 100, 12),
(1353, 1, 2, NULL, '2015-05-13 16:38:44', '2015-05-13 16:38:44', 're_H79M1MSCNE_33.JPG', 'image/jpeg', 798835, '2015-05-13 16:38:43', 're_H79M1MSCNE_33.JPG', 'image/jpeg', 798835, '2015-05-13 16:38:43', NULL, 100, 13);
INSERT INTO `pictures` (`id`, `position1`, `position2`, `time`, `created_at`, `updated_at`, `picture1_file_name`, `picture1_content_type`, `picture1_file_size`, `picture1_updated_at`, `picture2_file_name`, `picture2_content_type`, `picture2_file_size`, `picture2_updated_at`, `position`, `car_id`, `priority`) VALUES
(1354, 1, 2, NULL, '2015-05-13 16:38:46', '2015-05-13 16:38:46', 're_H79M1MSCNE_34.JPG', 'image/jpeg', 734739, '2015-05-13 16:38:44', 're_H79M1MSCNE_34.JPG', 'image/jpeg', 734739, '2015-05-13 16:38:45', NULL, 100, 14),
(1355, 1, 2, NULL, '2015-05-13 16:38:47', '2015-05-13 16:38:47', 're_H79M1MSCNE_35.JPG', 'image/jpeg', 551320, '2015-05-13 16:38:46', 're_H79M1MSCNE_35.JPG', 'image/jpeg', 551320, '2015-05-13 16:38:46', NULL, 100, 15),
(1356, 1, 2, NULL, '2015-05-13 16:38:49', '2015-05-13 16:38:49', 're_H79M1MSCNE_36.JPG', 'image/jpeg', 656459, '2015-05-13 16:38:47', 're_H79M1MSCNE_36.JPG', 'image/jpeg', 656459, '2015-05-13 16:38:48', NULL, 100, 16),
(1357, 1, 2, NULL, '2015-05-13 16:38:50', '2015-05-13 16:38:50', 're_H79M1MSCNE_37.JPG', 'image/jpeg', 638410, '2015-05-13 16:38:49', 're_H79M1MSCNE_37.JPG', 'image/jpeg', 638410, '2015-05-13 16:38:49', NULL, 100, 17),
(1358, 1, 2, NULL, '2015-05-13 16:38:51', '2015-05-13 16:38:51', 're_H79M1MSCNE_38.JPG', 'image/jpeg', 678780, '2015-05-13 16:38:50', 're_H79M1MSCNE_38.JPG', 'image/jpeg', 678780, '2015-05-13 16:38:51', NULL, 100, 18),
(1359, 1, 2, NULL, '2015-05-13 16:38:53', '2015-05-13 16:38:53', 're_H79M1MSCNE_39.JPG', 'image/jpeg', 722509, '2015-05-13 16:38:52', 're_H79M1MSCNE_39.JPG', 'image/jpeg', 722509, '2015-05-13 16:38:52', NULL, 100, 19),
(1360, 1, 2, NULL, '2015-05-13 16:38:54', '2015-05-13 16:38:54', 're_H79M1MSCNE_40.JPG', 'image/jpeg', 732813, '2015-05-13 16:38:53', 're_H79M1MSCNE_40.JPG', 'image/jpeg', 732813, '2015-05-13 16:38:54', NULL, 100, 20),
(1361, 1, 2, NULL, '2015-05-13 16:39:46', '2015-05-13 16:39:46', 're_L90C02M_22.JPG', 'image/jpeg', 639838, '2015-05-13 16:39:45', 're_L90C02M_22.JPG', 'image/jpeg', 639838, '2015-05-13 16:39:46', NULL, 101, 1),
(1362, 1, 2, NULL, '2015-05-13 16:39:48', '2015-05-13 16:39:48', 're_L90C02M_23.JPG', 'image/jpeg', 850908, '2015-05-13 16:39:46', 're_L90C02M_23.JPG', 'image/jpeg', 850908, '2015-05-13 16:39:47', NULL, 101, 2),
(1363, 1, 2, NULL, '2015-05-13 16:39:49', '2015-05-13 16:39:49', 're_L90C02M_24.JPG', 'image/jpeg', 845864, '2015-05-13 16:39:48', 're_L90C02M_24.JPG', 'image/jpeg', 845864, '2015-05-13 16:39:49', NULL, 101, 3),
(1364, 1, 2, NULL, '2015-05-13 16:39:51', '2015-05-13 16:39:51', 're_L90C02M_25.JPG', 'image/jpeg', 708910, '2015-05-13 16:39:49', 're_L90C02M_25.JPG', 'image/jpeg', 708910, '2015-05-13 16:39:50', NULL, 101, 4),
(1365, 1, 2, NULL, '2015-05-13 16:39:52', '2015-05-13 16:39:52', 're_L90C02M_26.JPG', 'image/jpeg', 499991, '2015-05-13 16:39:51', 're_L90C02M_26.JPG', 'image/jpeg', 499991, '2015-05-13 16:39:51', NULL, 101, 5),
(1366, 1, 2, NULL, '2015-05-13 16:39:54', '2015-05-13 16:39:54', 're_L90C02M_27.JPG', 'image/jpeg', 554588, '2015-05-13 16:39:52', 're_L90C02M_27.JPG', 'image/jpeg', 554588, '2015-05-13 16:39:53', NULL, 101, 6),
(1367, 1, 2, NULL, '2015-05-13 16:39:55', '2015-05-13 16:39:55', 're_L90C02M_28.JPG', 'image/jpeg', 784808, '2015-05-13 16:39:54', 're_L90C02M_28.JPG', 'image/jpeg', 784808, '2015-05-13 16:39:54', NULL, 101, 7),
(1368, 1, 2, NULL, '2015-05-13 16:39:57', '2015-05-13 16:39:57', 're_L90C02M_29.JPG', 'image/jpeg', 626070, '2015-05-13 16:39:55', 're_L90C02M_29.JPG', 'image/jpeg', 626070, '2015-05-13 16:39:56', NULL, 101, 8),
(1369, 1, 2, NULL, '2015-05-13 16:39:58', '2015-05-13 16:39:58', 're_L90C02M_30.JPG', 'image/jpeg', 665618, '2015-05-13 16:39:57', 're_L90C02M_30.JPG', 'image/jpeg', 665618, '2015-05-13 16:39:57', NULL, 101, 9),
(1370, 1, 2, NULL, '2015-05-13 16:40:00', '2015-05-13 16:40:00', 're_L90C02M_31.JPG', 'image/jpeg', 697645, '2015-05-13 16:39:58', 're_L90C02M_31.JPG', 'image/jpeg', 697645, '2015-05-13 16:39:59', NULL, 101, 10),
(1371, 1, 2, NULL, '2015-05-13 16:40:01', '2015-05-13 16:40:01', 're_L90C02M_32.JPG', 'image/jpeg', 501918, '2015-05-13 16:40:00', 're_L90C02M_32.JPG', 'image/jpeg', 501918, '2015-05-13 16:40:00', NULL, 101, 11),
(1372, 1, 2, NULL, '2015-05-13 16:40:02', '2015-05-13 16:40:02', 're_L90C02M_33.JPG', 'image/jpeg', 567660, '2015-05-13 16:40:01', 're_L90C02M_33.JPG', 'image/jpeg', 567660, '2015-05-13 16:40:02', NULL, 101, 12),
(1373, 1, 2, NULL, '2015-05-13 16:40:04', '2015-05-13 16:40:04', 're_L90C02M_34.JPG', 'image/jpeg', 796450, '2015-05-13 16:40:03', 're_L90C02M_34.JPG', 'image/jpeg', 796450, '2015-05-13 16:40:03', NULL, 101, 13),
(1374, 1, 2, NULL, '2015-05-13 16:40:05', '2015-05-13 16:40:05', 're_L90C02M_36.JPG', 'image/jpeg', 600285, '2015-05-13 16:40:04', 're_L90C02M_36.JPG', 'image/jpeg', 600285, '2015-05-13 16:40:05', NULL, 101, 14),
(1375, 1, 2, NULL, '2015-05-13 16:40:07', '2015-05-13 16:40:07', 're_L90C02M_37.JPG', 'image/jpeg', 677773, '2015-05-13 16:40:05', 're_L90C02M_37.JPG', 'image/jpeg', 677773, '2015-05-13 16:40:06', NULL, 101, 15),
(1376, 1, 2, NULL, '2015-05-13 16:40:08', '2015-05-13 16:40:08', 're_L90C02M_38.JPG', 'image/jpeg', 746534, '2015-05-13 16:40:07', 're_L90C02M_38.JPG', 'image/jpeg', 746534, '2015-05-13 16:40:08', NULL, 101, 16),
(1377, 1, 2, NULL, '2015-05-13 16:40:10', '2015-05-13 16:40:10', 're_L90C02M_39.JPG', 'image/jpeg', 857378, '2015-05-13 16:40:08', 're_L90C02M_39.JPG', 'image/jpeg', 857378, '2015-05-13 16:40:09', NULL, 101, 17),
(1378, 1, 2, NULL, '2015-05-13 16:40:11', '2015-05-13 16:40:11', 're_L90C02M_40.JPG', 'image/jpeg', 689242, '2015-05-13 16:40:10', 're_L90C02M_40.JPG', 'image/jpeg', 689242, '2015-05-13 16:40:11', NULL, 101, 18),
(1379, 1, 2, NULL, '2015-05-13 16:40:13', '2015-05-13 16:40:13', 're_L90C02M_41.JPG', 'image/jpeg', 511233, '2015-05-13 16:40:11', 're_L90C02M_41.JPG', 'image/jpeg', 511233, '2015-05-13 16:40:12', NULL, 101, 19),
(1380, 1, 2, NULL, '2015-05-13 16:40:14', '2015-05-13 16:40:14', 're_L90C02M_42.JPG', 'image/jpeg', 433919, '2015-05-13 16:40:13', 're_L90C02M_42.JPG', 'image/jpeg', 433919, '2015-05-13 16:40:13', NULL, 101, 20),
(1381, 1, 2, NULL, '2015-05-13 16:40:34', '2015-05-13 16:40:34', 're_L90D22_31.JPG', 'image/jpeg', 653233, '2015-05-13 16:40:33', 're_L90D22_31.JPG', 'image/jpeg', 653233, '2015-05-13 16:40:34', NULL, 102, 1),
(1382, 1, 2, NULL, '2015-05-13 16:40:36', '2015-05-13 16:40:36', 're_L90D22_33.JPG', 'image/jpeg', 834502, '2015-05-13 16:40:34', 're_L90D22_33.JPG', 'image/jpeg', 834502, '2015-05-13 16:40:35', NULL, 102, 2),
(1383, 1, 2, NULL, '2015-05-13 16:40:37', '2015-05-13 16:40:37', 're_L90D22_35.JPG', 'image/jpeg', 901819, '2015-05-13 16:40:36', 're_L90D22_35.JPG', 'image/jpeg', 901819, '2015-05-13 16:40:36', NULL, 102, 3),
(1384, 1, 2, NULL, '2015-05-13 16:40:39', '2015-05-13 16:40:39', 're_L90D22_37.JPG', 'image/jpeg', 705210, '2015-05-13 16:40:37', 're_L90D22_37.JPG', 'image/jpeg', 705210, '2015-05-13 16:40:38', NULL, 102, 4),
(1385, 1, 2, NULL, '2015-05-13 16:40:40', '2015-05-13 16:40:40', 're_L90D22_38.JPG', 'image/jpeg', 650718, '2015-05-13 16:40:39', 're_L90D22_38.JPG', 'image/jpeg', 650718, '2015-05-13 16:40:39', NULL, 102, 5),
(1386, 1, 2, NULL, '2015-05-13 16:40:42', '2015-05-13 16:40:42', 're_L90D22_39.JPG', 'image/jpeg', 668534, '2015-05-13 16:40:40', 're_L90D22_39.JPG', 'image/jpeg', 668534, '2015-05-13 16:40:41', NULL, 102, 6),
(1387, 1, 2, NULL, '2015-05-13 16:40:43', '2015-05-13 16:40:43', 're_L90D22_40.JPG', 'image/jpeg', 753641, '2015-05-13 16:40:42', 're_L90D22_40.JPG', 'image/jpeg', 753641, '2015-05-13 16:40:42', NULL, 102, 7),
(1388, 1, 2, NULL, '2015-05-13 16:40:44', '2015-05-13 16:40:44', 're_L90D22_43.JPG', 'image/jpeg', 725619, '2015-05-13 16:40:43', 're_L90D22_43.JPG', 'image/jpeg', 725619, '2015-05-13 16:40:44', NULL, 102, 8),
(1389, 1, 2, NULL, '2015-05-13 16:40:46', '2015-05-13 16:40:46', 're_L90D22_45.JPG', 'image/jpeg', 610961, '2015-05-13 16:40:45', 're_L90D22_45.JPG', 'image/jpeg', 610961, '2015-05-13 16:40:45', NULL, 102, 9),
(1390, 1, 2, NULL, '2015-05-13 16:40:48', '2015-05-13 16:40:48', 're_L90D22_47.JPG', 'image/jpeg', 908952, '2015-05-13 16:40:46', 're_L90D22_47.JPG', 'image/jpeg', 908952, '2015-05-13 16:40:47', NULL, 102, 10),
(1391, 1, 2, NULL, '2015-05-13 16:40:49', '2015-05-13 16:40:49', 're_L90D22_49.JPG', 'image/jpeg', 773996, '2015-05-13 16:40:48', 're_L90D22_49.JPG', 'image/jpeg', 773996, '2015-05-13 16:40:48', NULL, 102, 11),
(1392, 1, 2, NULL, '2015-05-13 16:40:51', '2015-05-13 16:40:51', 're_L90D22_51.JPG', 'image/jpeg', 943247, '2015-05-13 16:40:49', 're_L90D22_51.JPG', 'image/jpeg', 943247, '2015-05-13 16:40:50', NULL, 102, 12),
(1393, 1, 2, NULL, '2015-05-13 16:40:52', '2015-05-13 16:40:52', 're_L90D22_53.JPG', 'image/jpeg', 759118, '2015-05-13 16:40:51', 're_L90D22_53.JPG', 'image/jpeg', 759118, '2015-05-13 16:40:51', NULL, 102, 13),
(1394, 1, 2, NULL, '2015-05-13 16:40:53', '2015-05-13 16:40:53', 're_L90D22_54.JPG', 'image/jpeg', 710803, '2015-05-13 16:40:52', 're_L90D22_54.JPG', 'image/jpeg', 710803, '2015-05-13 16:40:53', NULL, 102, 14),
(1395, 1, 2, NULL, '2015-05-13 16:40:55', '2015-05-13 16:40:55', 're_L90D22_55.JPG', 'image/jpeg', 971445, '2015-05-13 16:40:54', 're_L90D22_55.JPG', 'image/jpeg', 971445, '2015-05-13 16:40:54', NULL, 102, 15),
(1396, 1, 2, NULL, '2015-05-13 16:40:56', '2015-05-13 16:40:56', 're_L90D22_56.JPG', 'image/jpeg', 861790, '2015-05-13 16:40:55', 're_L90D22_56.JPG', 'image/jpeg', 861790, '2015-05-13 16:40:56', NULL, 102, 16),
(1397, 1, 2, NULL, '2015-05-13 16:40:58', '2015-05-13 16:40:58', 're_L90D22_57.JPG', 'image/jpeg', 909678, '2015-05-13 16:40:57', 're_L90D22_57.JPG', 'image/jpeg', 909678, '2015-05-13 16:40:57', NULL, 102, 17),
(1398, 1, 2, NULL, '2015-05-13 16:40:59', '2015-05-13 16:40:59', 're_L90D22_58.JPG', 'image/jpeg', 806423, '2015-05-13 16:40:58', 're_L90D22_58.JPG', 'image/jpeg', 806423, '2015-05-13 16:40:59', NULL, 102, 18),
(1399, 1, 2, NULL, '2015-05-13 16:41:01', '2015-05-13 16:41:01', 're_L90D22_60.JPG', 'image/jpeg', 819810, '2015-05-13 16:40:59', 're_L90D22_60.JPG', 'image/jpeg', 819810, '2015-05-13 16:41:00', NULL, 102, 19),
(1400, 1, 2, NULL, '2015-05-13 16:41:18', '2015-05-13 17:15:38', 're_L90DD1SL45_18.JPG', 'image/jpeg', 440113, '2015-05-13 16:41:17', 're_L90DD1SL45_18.JPG', 'image/jpeg', 440113, '2015-05-13 16:41:17', NULL, 103, 2),
(1401, 1, 2, NULL, '2015-05-13 16:41:19', '2015-05-13 17:15:38', 're_L90DD1SL45_19.JPG', 'image/jpeg', 798835, '2015-05-13 16:41:18', 're_L90DD1SL45_19.JPG', 'image/jpeg', 798835, '2015-05-13 16:41:19', NULL, 103, 1),
(1402, 1, 2, NULL, '2015-05-13 16:41:21', '2015-05-13 16:41:21', 're_L90DD1SL45_20.JPG', 'image/jpeg', 801516, '2015-05-13 16:41:20', 're_L90DD1SL45_20.JPG', 'image/jpeg', 801516, '2015-05-13 16:41:20', NULL, 103, 3),
(1403, 1, 2, NULL, '2015-05-13 16:41:27', '2015-05-13 16:41:27', 're_L90DD1SL45_21.JPG', 'image/jpeg', 759570, '2015-05-13 16:41:21', 're_L90DD1SL45_21.JPG', 'image/jpeg', 759570, '2015-05-13 16:41:25', NULL, 103, 4),
(1404, 1, 2, NULL, '2015-05-13 16:41:30', '2015-05-13 16:41:30', 're_L90DD1SL45_22.JPG', 'image/jpeg', 712280, '2015-05-13 16:41:27', 're_L90DD1SL45_22.JPG', 'image/jpeg', 712280, '2015-05-13 16:41:28', NULL, 103, 5),
(1405, 1, 2, NULL, '2015-05-13 16:41:32', '2015-05-13 16:41:32', 're_L90DD1SL45_23.JPG', 'image/jpeg', 605028, '2015-05-13 16:41:30', 're_L90DD1SL45_23.JPG', 'image/jpeg', 605028, '2015-05-13 16:41:32', NULL, 103, 6),
(1406, 1, 2, NULL, '2015-05-13 16:41:34', '2015-05-13 16:41:34', 're_L90DD1SL45_24.JPG', 'image/jpeg', 543553, '2015-05-13 16:41:32', 're_L90DD1SL45_24.JPG', 'image/jpeg', 543553, '2015-05-13 16:41:33', NULL, 103, 7),
(1407, 1, 2, NULL, '2015-05-13 16:41:36', '2015-05-13 17:15:52', 're_L90DD1SL45_25.JPG', 'image/jpeg', 627112, '2015-05-13 16:41:34', 're_L90DD1SL45_25.JPG', 'image/jpeg', 627112, '2015-05-13 16:41:35', NULL, 103, 11),
(1408, 1, 2, NULL, '2015-05-13 16:41:37', '2015-05-13 17:15:52', 're_L90DD1SL45_26.JPG', 'image/jpeg', 613881, '2015-05-13 16:41:36', 're_L90DD1SL45_26.JPG', 'image/jpeg', 613881, '2015-05-13 16:41:36', NULL, 103, 8),
(1409, 1, 2, NULL, '2015-05-13 16:41:39', '2015-05-13 17:15:52', 're_L90DD1SL45_27.JPG', 'image/jpeg', 660857, '2015-05-13 16:41:37', 're_L90DD1SL45_27.JPG', 'image/jpeg', 660857, '2015-05-13 16:41:38', NULL, 103, 9),
(1410, 1, 2, NULL, '2015-05-13 16:41:41', '2015-05-13 17:15:52', 're_L90DD1SL45_28.JPG', 'image/jpeg', 797085, '2015-05-13 16:41:39', 're_L90DD1SL45_28.JPG', 'image/jpeg', 797085, '2015-05-13 16:41:40', NULL, 103, 10),
(1411, 1, 2, NULL, '2015-05-13 16:41:43', '2015-05-13 16:41:43', 're_L90DD1SL45_29.JPG', 'image/jpeg', 758642, '2015-05-13 16:41:41', 're_L90DD1SL45_29.JPG', 'image/jpeg', 758642, '2015-05-13 16:41:42', NULL, 103, 12),
(1412, 1, 2, NULL, '2015-05-13 16:41:45', '2015-05-13 17:15:59', 're_L90DD1SL45_30.JPG', 'image/jpeg', 750552, '2015-05-13 16:41:43', 're_L90DD1SL45_30.JPG', 'image/jpeg', 750552, '2015-05-13 16:41:44', NULL, 103, 14),
(1413, 1, 2, NULL, '2015-05-13 16:41:48', '2015-05-13 17:15:59', 're_L90DD1SL45_31.JPG', 'image/jpeg', 802709, '2015-05-13 16:41:45', 're_L90DD1SL45_31.JPG', 'image/jpeg', 802709, '2015-05-13 16:41:46', NULL, 103, 15),
(1414, 1, 2, NULL, '2015-05-13 16:41:50', '2015-05-13 17:15:59', 're_L90DD1SL45_32.JPG', 'image/jpeg', 780550, '2015-05-13 16:41:48', 're_L90DD1SL45_32.JPG', 'image/jpeg', 780550, '2015-05-13 16:41:49', NULL, 103, 13),
(1415, 1, 2, NULL, '2015-05-13 16:41:52', '2015-05-13 16:41:52', 're_L90DD1SL45_33.JPG', 'image/jpeg', 1022420, '2015-05-13 16:41:50', 're_L90DD1SL45_33.JPG', 'image/jpeg', 1022420, '2015-05-13 16:41:51', NULL, 103, 16),
(1416, 1, 2, NULL, '2015-05-13 16:41:54', '2015-05-13 17:16:10', 're_L90DD1SL45_34.JPG', 'image/jpeg', 820968, '2015-05-13 16:41:52', 're_L90DD1SL45_34.JPG', 'image/jpeg', 820968, '2015-05-13 16:41:53', NULL, 103, 18),
(1417, 1, 2, NULL, '2015-05-13 16:41:55', '2015-05-13 17:16:10', 're_L90DD1SL45_35.JPG', 'image/jpeg', 776051, '2015-05-13 16:41:54', 're_L90DD1SL45_35.JPG', 'image/jpeg', 776051, '2015-05-13 16:41:55', NULL, 103, 19),
(1418, 1, 2, NULL, '2015-05-13 16:41:57', '2015-05-13 17:16:10', 're_L90DD1SL45_36.JPG', 'image/jpeg', 799889, '2015-05-13 16:41:56', 're_L90DD1SL45_36.JPG', 'image/jpeg', 799889, '2015-05-13 16:41:56', NULL, 103, 17),
(1419, 1, 2, NULL, '2015-05-13 16:41:59', '2015-05-13 17:16:10', 're_L90DD1SL45_37.JPG', 'image/jpeg', 815047, '2015-05-13 16:41:57', 're_L90DD1SL45_37.JPG', 'image/jpeg', 815047, '2015-05-13 16:41:58', NULL, 103, 20);

-- --------------------------------------------------------

--
-- Table structure for table `schema_migrations`
--

CREATE TABLE IF NOT EXISTS `schema_migrations` (
  `version` varchar(255) NOT NULL
) ENGINE=InnoDB DEFAULT CHARSET=latin1;

--
-- Dumping data for table `schema_migrations`
--

INSERT INTO `schema_migrations` (`version`) VALUES
('20150314063627'),
('20150314064853'),
('20150314065124'),
('20150314065228'),
('20150314080349'),
('20150317051040'),
('20150317145629'),
('20150318153834');

-- --------------------------------------------------------

--
-- Table structure for table `users`
--

CREATE TABLE IF NOT EXISTS `users` (
`id` int(11) NOT NULL,
  `email` varchar(255) NOT NULL DEFAULT '',
  `encrypted_password` varchar(255) NOT NULL DEFAULT '',
  `reset_password_token` varchar(255) DEFAULT NULL,
  `reset_password_sent_at` datetime DEFAULT NULL,
  `remember_created_at` datetime DEFAULT NULL,
  `sign_in_count` int(11) NOT NULL DEFAULT '0',
  `current_sign_in_at` datetime DEFAULT NULL,
  `last_sign_in_at` datetime DEFAULT NULL,
  `current_sign_in_ip` varchar(255) DEFAULT NULL,
  `last_sign_in_ip` varchar(255) DEFAULT NULL,
  `created_at` datetime DEFAULT NULL,
  `updated_at` datetime DEFAULT NULL
) ENGINE=InnoDB  DEFAULT CHARSET=latin1 AUTO_INCREMENT=2 ;

--
-- Dumping data for table `users`
--

INSERT INTO `users` (`id`, `email`, `encrypted_password`, `reset_password_token`, `reset_password_sent_at`, `remember_created_at`, `sign_in_count`, `current_sign_in_at`, `last_sign_in_at`, `current_sign_in_ip`, `last_sign_in_ip`, `created_at`, `updated_at`) VALUES
(1, 'danielpunk4@gmail.com', '$2a$10$AwpB38ryP9QDuanthLFMBeZWRBlhbiMyl2ESoDsg/S31zTQLDXbGy', NULL, NULL, NULL, 16, '2015-05-13 16:08:28', '2015-05-12 14:45:37', '127.0.0.1', '127.0.0.1', '2015-03-17 13:33:56', '2015-05-13 16:08:28');

--
-- Indexes for dumped tables
--

--
-- Indexes for table `cars`
--
ALTER TABLE `cars`
 ADD PRIMARY KEY (`id`);

--
-- Indexes for table `generals`
--
ALTER TABLE `generals`
 ADD PRIMARY KEY (`id`);

--
-- Indexes for table `pictures`
--
ALTER TABLE `pictures`
 ADD PRIMARY KEY (`id`);

--
-- Indexes for table `schema_migrations`
--
ALTER TABLE `schema_migrations`
 ADD UNIQUE KEY `unique_schema_migrations` (`version`);

--
-- Indexes for table `users`
--
ALTER TABLE `users`
 ADD PRIMARY KEY (`id`), ADD UNIQUE KEY `index_users_on_email` (`email`), ADD UNIQUE KEY `index_users_on_reset_password_token` (`reset_password_token`);

--
-- AUTO_INCREMENT for dumped tables
--

--
-- AUTO_INCREMENT for table `cars`
--
ALTER TABLE `cars`
MODIFY `id` int(11) NOT NULL AUTO_INCREMENT,AUTO_INCREMENT=104;
--
-- AUTO_INCREMENT for table `generals`
--
ALTER TABLE `generals`
MODIFY `id` int(11) NOT NULL AUTO_INCREMENT,AUTO_INCREMENT=2;
--
-- AUTO_INCREMENT for table `pictures`
--
ALTER TABLE `pictures`
MODIFY `id` int(11) NOT NULL AUTO_INCREMENT,AUTO_INCREMENT=1420;
--
-- AUTO_INCREMENT for table `users`
--
ALTER TABLE `users`
MODIFY `id` int(11) NOT NULL AUTO_INCREMENT,AUTO_INCREMENT=2;